id,date_debut,date_fin,annee,mois,entite,zone,type_intervention,cout_tnd,created_at
1,01/01/2025,31/01/2025,2025,1,EOT,BAT,Total,0.0,2026-06-12 16:15:45
2,01/01/2025,31/01/2025,2025,1,EOT,BAT,Préventive,0.0,2026-06-12 16:15:45
3,01/01/2025,31/01/2025,2025,1,EOT,CMS,Total,0.0,2026-06-12 16:15:45
4,01/01/2025,31/01/2025,2025,1,EOT,CMS,Préventive,0.0,2026-06-12 16:15:45
5,01/01/2025,31/01/2025,2025,1,EOT,MAG,Total,0.0,2026-06-12 16:15:45
6,01/01/2025,31/01/2025,2025,1,EOT,MAG,Préventive,0.0,2026-06-12 16:15:45
7,01/01/2025,31/01/2025,2025,1,EOT,MEZ,Total,0.0,2026-06-12 16:15:45
8,01/01/2025,31/01/2025,2025,1,EOT,MEZ,Curative,0.0,2026-06-12 16:15:45
9,01/01/2025,31/01/2025,2025,1,EOT,SEP,Total,0.0,2026-06-12 16:15:45
10,01/01/2025,31/01/2025,2025,1,EOT,SEP,Préventive,0.0,2026-06-12 16:15:45
11,01/01/2025,31/01/2025,2025,1,EOT,THT,Total,0.0,2026-06-12 16:15:45
12,01/01/2025,31/01/2025,2025,1,EOT,THT,Préventive,0.0,2026-06-12 16:15:45
13,01/01/2025,31/01/2025,2025,1,SG,BAT,Curative,5791.6,2026-06-12 16:15:45
14,01/01/2025,31/01/2025,2025,1,SG,BAT,Préventive,0.0,2026-06-12 16:15:45
15,01/01/2025,31/01/2025,2025,1,SG,MAG,Total,0.0,2026-06-12 16:15:45
16,01/01/2025,31/01/2025,2025,1,SG,MAG,Préventive,0.0,2026-06-12 16:15:45
17,01/01/2025,31/01/2025,2025,1,SG,MEZ,Total,0.0,2026-06-12 16:15:45
18,01/01/2025,31/01/2025,2025,1,SG,MEZ,Préventive,0.0,2026-06-12 16:15:45
19,01/01/2025,31/01/2025,2025,1,SG,THT,Curative,1490.601,2026-06-12 16:15:45
20,01/01/2025,31/01/2025,2025,1,SG,THT,Préventive,0.0,2026-06-12 16:15:45
21,01/01/2026,31/01/2026,2026,1,EOT,BAT,Total,0.0,2026-06-12 16:15:45
22,01/01/2026,31/01/2026,2026,1,EOT,BAT,Préventive,0.0,2026-06-12 16:15:45
23,01/01/2026,31/01/2026,2026,1,EOT,CMS,Curative,1394.496,2026-06-12 16:15:45
24,01/01/2026,31/01/2026,2026,1,EOT,CMS,Préventive,0.0,2026-06-12 16:15:45
25,01/01/2026,31/01/2026,2026,1,EOT,MAG,Total,0.0,2026-06-12 16:15:45
26,01/01/2026,31/01/2026,2026,1,EOT,MAG,Préventive,0.0,2026-06-12 16:15:45
27,01/01/2026,31/01/2026,2026,1,EOT,MEZ,Total,0.0,2026-06-12 16:15:45
28,01/01/2026,31/01/2026,2026,1,EOT,MEZ,Préventive,0.0,2026-06-12 16:15:45
29,01/01/2026,31/01/2026,2026,1,EOT,SEP,Total,0.0,2026-06-12 16:15:45
30,01/01/2026,31/01/2026,2026,1,EOT,SEP,Préventive,0.0,2026-06-12 16:15:45
31,01/01/2026,31/01/2026,2026,1,EOT,THT,Total,0.0,2026-06-12 16:15:45
32,01/01/2026,31/01/2026,2026,1,EOT,THT,Préventive,0.0,2026-06-12 16:15:45
33,01/01/2026,31/01/2026,2026,1,SG,BAT,Curative,507.296,2026-06-12 16:15:45
34,01/01/2026,31/01/2026,2026,1,SG,BAT,Préventive,20927.403,2026-06-12 16:15:45
35,01/01/2026,31/01/2026,2026,1,SG,CMS,Total,0.0,2026-06-12 16:15:45
36,01/01/2026,31/01/2026,2026,1,SG,CMS,Préventive,0.0,2026-06-12 16:15:45
37,01/01/2026,31/01/2026,2026,1,SG,MAG,Total,0.0,2026-06-12 16:15:45
38,01/01/2026,31/01/2026,2026,1,SG,MAG,Préventive,0.0,2026-06-12 16:15:45
39,01/01/2026,31/01/2026,2026,1,SG,MEZ,Total,0.0,2026-06-12 16:15:45
40,01/01/2026,31/01/2026,2026,1,SG,MEZ,Préventive,0.0,2026-06-12 16:15:45
41,01/01/2026,31/01/2026,2026,1,SG,THT,Total,749.272,2026-06-12 16:15:45
42,01/01/2026,31/01/2026,2026,1,SG,THT,Curative,749.272,2026-06-12 16:15:45
43,01/01/2026,31/01/2026,2026,1,SG,THT,Préventive,0.0,2026-06-12 16:15:45
44,01/01/2026,31/01/2026,2026,1,SG,UAP4,Total,0.0,2026-06-12 16:15:45
45,01/01/2026,31/01/2026,2026,1,SG,UAP4,Préventive,0.0,2026-06-12 16:15:45
46,01/02/2025,28/02/2025,2025,2,EOT,CMS,Total,0.0,2026-06-12 16:15:45
47,01/02/2025,28/02/2025,2025,2,EOT,CMS,Curative,0.0,2026-06-12 16:15:45
48,01/02/2025,28/02/2025,2025,2,EOT,CMS,Préventive,0.0,2026-06-12 16:15:45
49,01/02/2025,28/02/2025,2025,2,EOT,MAG,Total,0.0,2026-06-12 16:15:45
50,01/02/2025,28/02/2025,2025,2,EOT,MAG,Préventive,0.0,2026-06-12 16:15:45
51,01/02/2025,28/02/2025,2025,2,EOT,MEZ,Total,0.0,2026-06-12 16:15:45
52,01/02/2025,28/02/2025,2025,2,EOT,MEZ,Préventive,0.0,2026-06-12 16:15:45
53,01/02/2025,28/02/2025,2025,2,EOT,SEP,Total,0.0,2026-06-12 16:15:45
54,01/02/2025,28/02/2025,2025,2,EOT,SEP,Préventive,0.0,2026-06-12 16:15:45
55,01/02/2025,28/02/2025,2025,2,EOT,THT,Total,0.0,2026-06-12 16:15:45
56,01/02/2025,28/02/2025,2025,2,EOT,THT,Préventive,0.0,2026-06-12 16:15:45
57,01/02/2025,28/02/2025,2025,2,SG,BAT,Curative,1022.32,2026-06-12 16:15:45
58,01/02/2025,28/02/2025,2025,2,SG,BAT,Préventive,0.0,2026-06-12 16:15:45
59,01/02/2025,28/02/2025,2025,2,SG,CMS,Total,0.0,2026-06-12 16:15:45
60,01/02/2025,28/02/2025,2025,2,SG,CMS,Curative,0.0,2026-06-12 16:15:45
61,01/02/2025,28/02/2025,2025,2,SG,CMS,Préventive,0.0,2026-06-12 16:15:45
62,01/02/2025,28/02/2025,2025,2,SG,MAG,Total,0.0,2026-06-12 16:15:45
63,01/02/2025,28/02/2025,2025,2,SG,MAG,Préventive,0.0,2026-06-12 16:15:45
64,01/02/2025,28/02/2025,2025,2,SG,MEZ,Total,0.0,2026-06-12 16:15:45
65,01/02/2025,28/02/2025,2025,2,SG,MEZ,Préventive,0.0,2026-06-12 16:15:45
66,01/02/2025,28/02/2025,2025,2,SG,THT,Total,629.561,2026-06-12 16:15:45
67,01/02/2025,28/02/2025,2025,2,SG,THT,Curative,629.561,2026-06-12 16:15:45
68,01/02/2025,28/02/2025,2025,2,SG,THT,Préventive,0.0,2026-06-12 16:15:45
69,01/02/2025,28/02/2025,2025,2,SG,UAP4,Total,0.0,2026-06-12 16:15:45
70,01/02/2025,28/02/2025,2025,2,SG,UAP4,Préventive,0.0,2026-06-12 16:15:45
71,01/02/2026,28/02/2026,2026,2,EOT,CMS,Total,569.079,2026-06-12 16:15:45
72,01/02/2026,28/02/2026,2026,2,EOT,CMS,Curative,569.079,2026-06-12 16:15:45
73,01/02/2026,28/02/2026,2026,2,EOT,CMS,Préventive,0.0,2026-06-12 16:15:45
74,01/02/2026,28/02/2026,2026,2,EOT,MAG,Total,0.0,2026-06-12 16:15:45
75,01/02/2026,28/02/2026,2026,2,EOT,MAG,Préventive,0.0,2026-06-12 16:15:45
76,01/02/2026,28/02/2026,2026,2,EOT,MEZ,Total,0.0,2026-06-12 16:15:45
77,01/02/2026,28/02/2026,2026,2,EOT,MEZ,Préventive,0.0,2026-06-12 16:15:45
78,01/02/2026,28/02/2026,2026,2,EOT,SEP,Total,47.768,2026-06-12 16:15:45
79,01/02/2026,28/02/2026,2026,2,EOT,SEP,Curative,47.768,2026-06-12 16:15:45
80,01/02/2026,28/02/2026,2026,2,EOT,SEP,Préventive,0.0,2026-06-12 16:15:45
81,01/02/2026,28/02/2026,2026,2,EOT,THT,Total,0.0,2026-06-12 16:15:45
82,01/02/2026,28/02/2026,2026,2,EOT,THT,Préventive,0.0,2026-06-12 16:15:45
83,01/02/2026,28/02/2026,2026,2,SG,BAT,Curative,4774.155,2026-06-12 16:15:45
84,01/02/2026,28/02/2026,2026,2,SG,BAT,Préventive,695.559,2026-06-12 16:15:45
85,01/02/2026,28/02/2026,2026,2,SG,CMS,Total,0.0,2026-06-12 16:15:45
86,01/02/2026,28/02/2026,2026,2,SG,CMS,Préventive,0.0,2026-06-12 16:15:45
87,01/02/2026,28/02/2026,2026,2,SG,MAG,Total,269.029,2026-06-12 16:15:45
88,01/02/2026,28/02/2026,2026,2,SG,MAG,Curative,269.029,2026-06-12 16:15:45
89,01/02/2026,28/02/2026,2026,2,SG,MAG,Préventive,0.0,2026-06-12 16:15:45
90,01/02/2026,28/02/2026,2026,2,SG,MEZ,Total,0.0,2026-06-12 16:15:45
91,01/02/2026,28/02/2026,2026,2,SG,MEZ,Préventive,0.0,2026-06-12 16:15:45
92,01/02/2026,28/02/2026,2026,2,SG,THT,Total,468.78,2026-06-12 16:15:45
93,01/02/2026,28/02/2026,2026,2,SG,THT,Curative,468.78,2026-06-12 16:15:45
94,01/02/2026,28/02/2026,2026,2,SG,THT,Préventive,0.0,2026-06-12 16:15:45
95,01/02/2026,28/02/2026,2026,2,SG,UAP4,Total,0.0,2026-06-12 16:15:45
96,01/02/2026,28/02/2026,2026,2,SG,UAP4,Préventive,0.0,2026-06-12 16:15:45
97,01/03/2025,31/03/2025,2025,3,EOT,BAT,Total,0.0,2026-06-12 16:15:45
98,01/03/2025,31/03/2025,2025,3,EOT,BAT,Curative,0.0,2026-06-12 16:15:45
99,01/03/2025,31/03/2025,2025,3,EOT,CMS,Total,0.0,2026-06-12 16:15:45
100,01/03/2025,31/03/2025,2025,3,EOT,CMS,Curative,0.0,2026-06-12 16:15:45
101,01/03/2025,31/03/2025,2025,3,EOT,CMS,Préventive,0.0,2026-06-12 16:15:45
102,01/03/2025,31/03/2025,2025,3,EOT,MAG,Total,0.0,2026-06-12 16:15:45
103,01/03/2025,31/03/2025,2025,3,EOT,MAG,Préventive,0.0,2026-06-12 16:15:45
104,01/03/2025,31/03/2025,2025,3,EOT,MEZ,Total,0.0,2026-06-12 16:15:45
105,01/03/2025,31/03/2025,2025,3,EOT,MEZ,Préventive,0.0,2026-06-12 16:15:45
106,01/03/2025,31/03/2025,2025,3,EOT,SEP,Total,0.0,2026-06-12 16:15:45
107,01/03/2025,31/03/2025,2025,3,EOT,SEP,Préventive,0.0,2026-06-12 16:15:45
108,01/03/2025,31/03/2025,2025,3,EOT,THT,Total,0.0,2026-06-12 16:15:45
109,01/03/2025,31/03/2025,2025,3,EOT,THT,Préventive,0.0,2026-06-12 16:15:45
110,01/03/2025,31/03/2025,2025,3,SG,BAT,Total,33.293,2026-06-12 16:15:45
111,01/03/2025,31/03/2025,2025,3,SG,BAT,Curative,33.293,2026-06-12 16:15:45
112,01/03/2025,31/03/2025,2025,3,SG,BAT,Préventive,0.0,2026-06-12 16:15:45
113,01/03/2025,31/03/2025,2025,3,SG,CMS,Total,0.0,2026-06-12 16:15:45
114,01/03/2025,31/03/2025,2025,3,SG,CMS,Curative,0.0,2026-06-12 16:15:45
115,01/03/2025,31/03/2025,2025,3,SG,MAG,Total,0.0,2026-06-12 16:15:45
116,01/03/2025,31/03/2025,2025,3,SG,MAG,Préventive,0.0,2026-06-12 16:15:45
117,01/03/2025,31/03/2025,2025,3,SG,MEZ,Total,0.0,2026-06-12 16:15:45
118,01/03/2025,31/03/2025,2025,3,SG,MEZ,Préventive,0.0,2026-06-12 16:15:45
119,01/03/2025,31/03/2025,2025,3,SG,THT,Curative,5619.083,2026-06-12 16:15:45
120,01/03/2025,31/03/2025,2025,3,SG,THT,Préventive,0.0,2026-06-12 16:15:45
121,01/03/2026,31/03/2026,2026,3,EOT,CMS,Total,0.0,2026-06-12 16:15:45
122,01/03/2026,31/03/2026,2026,3,EOT,CMS,Curative,0.0,2026-06-12 16:15:45
123,01/03/2026,31/03/2026,2026,3,EOT,CMS,Préventive,0.0,2026-06-12 16:15:45
124,01/03/2026,31/03/2026,2026,3,EOT,MAG,Total,0.0,2026-06-12 16:15:45
125,01/03/2026,31/03/2026,2026,3,EOT,MAG,Préventive,0.0,2026-06-12 16:15:45
126,01/03/2026,31/03/2026,2026,3,EOT,MEZ,Total,169.16,2026-06-12 16:15:45
127,01/03/2026,31/03/2026,2026,3,EOT,MEZ,Curative,169.16,2026-06-12 16:15:45
128,01/03/2026,31/03/2026,2026,3,EOT,MEZ,Préventive,0.0,2026-06-12 16:15:45
129,01/03/2026,31/03/2026,2026,3,EOT,SEP,Total,0.0,2026-06-12 16:15:45
130,01/03/2026,31/03/2026,2026,3,EOT,SEP,Préventive,0.0,2026-06-12 16:15:45
131,01/03/2026,31/03/2026,2026,3,EOT,THT,Total,0.0,2026-06-12 16:15:45
132,01/03/2026,31/03/2026,2026,3,EOT,THT,Préventive,0.0,2026-06-12 16:15:45
133,01/03/2026,31/03/2026,2026,3,SG,BAT,Curative,6188.367,2026-06-12 16:15:45
134,01/03/2026,31/03/2026,2026,3,SG,BAT,Préventive,348.042,2026-06-12 16:15:45
135,01/03/2026,31/03/2026,2026,3,SG,CMS,Total,0.0,2026-06-12 16:15:45
136,01/03/2026,31/03/2026,2026,3,SG,CMS,Curative,0.0,2026-06-12 16:15:45
137,01/03/2026,31/03/2026,2026,3,SG,CMS,Préventive,0.0,2026-06-12 16:15:45
138,01/03/2026,31/03/2026,2026,3,SG,MAG,Total,0.0,2026-06-12 16:15:45
139,01/03/2026,31/03/2026,2026,3,SG,MAG,Préventive,0.0,2026-06-12 16:15:45
140,01/03/2026,31/03/2026,2026,3,SG,MEZ,Total,0.0,2026-06-12 16:15:45
141,01/03/2026,31/03/2026,2026,3,SG,MEZ,Préventive,0.0,2026-06-12 16:15:45
142,01/03/2026,31/03/2026,2026,3,SG,THT,Total,921.198,2026-06-12 16:15:45
143,01/03/2026,31/03/2026,2026,3,SG,THT,Curative,921.198,2026-06-12 16:15:45
144,01/03/2026,31/03/2026,2026,3,SG,THT,Préventive,0.0,2026-06-12 16:15:45
145,01/04/2025,30/04/2025,2025,4,EOT,BAT,Total,0.0,2026-06-12 16:15:45
146,01/04/2025,30/04/2025,2025,4,EOT,BAT,Préventive,0.0,2026-06-12 16:15:45
147,01/04/2025,30/04/2025,2025,4,EOT,CMS,Total,0.0,2026-06-12 16:15:45
148,01/04/2025,30/04/2025,2025,4,EOT,CMS,Curative,0.0,2026-06-12 16:15:45
149,01/04/2025,30/04/2025,2025,4,EOT,CMS,Préventive,0.0,2026-06-12 16:15:45
150,01/04/2025,30/04/2025,2025,4,EOT,MAG,Total,0.0,2026-06-12 16:15:45
151,01/04/2025,30/04/2025,2025,4,EOT,MAG,Préventive,0.0,2026-06-12 16:15:45
152,01/04/2025,30/04/2025,2025,4,EOT,SEP,Total,0.0,2026-06-12 16:15:45
153,01/04/2025,30/04/2025,2025,4,EOT,SEP,Curative,0.0,2026-06-12 16:15:45
154,01/04/2025,30/04/2025,2025,4,EOT,SEP,Préventive,0.0,2026-06-12 16:15:45
155,01/04/2025,30/04/2025,2025,4,EOT,THT,Total,0.0,2026-06-12 16:15:45
156,01/04/2025,30/04/2025,2025,4,EOT,THT,Préventive,0.0,2026-06-12 16:15:45
157,01/04/2025,30/04/2025,2025,4,SG,BAT,Curative,5194.506,2026-06-12 16:15:45
158,01/04/2025,30/04/2025,2025,4,SG,BAT,Préventive,490.38,2026-06-12 16:15:45
159,01/04/2025,30/04/2025,2025,4,SG,CMS,Total,0.0,2026-06-12 16:15:45
160,01/04/2025,30/04/2025,2025,4,SG,CMS,Curative,0.0,2026-06-12 16:15:45
161,01/04/2025,30/04/2025,2025,4,SG,CMS,Préventive,0.0,2026-06-12 16:15:45
162,01/04/2025,30/04/2025,2025,4,SG,MAG,Total,367.2,2026-06-12 16:15:45
163,01/04/2025,30/04/2025,2025,4,SG,MAG,Curative,367.2,2026-06-12 16:15:45
164,01/04/2025,30/04/2025,2025,4,SG,MAG,Préventive,0.0,2026-06-12 16:15:45
165,01/04/2025,30/04/2025,2025,4,SG,MEZ,Total,0.0,2026-06-12 16:15:45
166,01/04/2025,30/04/2025,2025,4,SG,MEZ,Préventive,0.0,2026-06-12 16:15:45
167,01/04/2025,30/04/2025,2025,4,SG,THT,Total,949.136,2026-06-12 16:15:45
168,01/04/2025,30/04/2025,2025,4,SG,THT,Curative,949.136,2026-06-12 16:15:45
169,01/04/2025,30/04/2025,2025,4,SG,THT,Préventive,0.0,2026-06-12 16:15:45
170,01/04/2025,30/04/2025,2025,4,SG,UAP4,Total,0.0,2026-06-12 16:15:45
171,01/04/2025,30/04/2025,2025,4,SG,UAP4,Préventive,0.0,2026-06-12 16:15:45
172,01/05/2025,31/05/2025,2025,5,EOT,BAT,Total,0.0,2026-06-12 16:15:45
173,01/05/2025,31/05/2025,2025,5,EOT,BAT,Préventive,0.0,2026-06-12 16:15:45
174,01/05/2025,31/05/2025,2025,5,EOT,CMS,Total,0.0,2026-06-12 16:15:45
175,01/05/2025,31/05/2025,2025,5,EOT,CMS,Curative,0.0,2026-06-12 16:15:45
176,01/05/2025,31/05/2025,2025,5,EOT,CMS,Préventive,0.0,2026-06-12 16:15:45
177,01/05/2025,31/05/2025,2025,5,EOT,MAG,Total,0.0,2026-06-12 16:15:45
178,01/05/2025,31/05/2025,2025,5,EOT,MAG,Préventive,0.0,2026-06-12 16:15:45
179,01/05/2025,31/05/2025,2025,5,EOT,MEZ,Total,0.0,2026-06-12 16:15:45
180,01/05/2025,31/05/2025,2025,5,EOT,MEZ,Préventive,0.0,2026-06-12 16:15:45
181,01/05/2025,31/05/2025,2025,5,EOT,SEP,Total,0.0,2026-06-12 16:15:45
182,01/05/2025,31/05/2025,2025,5,EOT,SEP,Préventive,0.0,2026-06-12 16:15:45
183,01/05/2025,31/05/2025,2025,5,EOT,THT,Total,0.0,2026-06-12 16:15:45
184,01/05/2025,31/05/2025,2025,5,EOT,THT,Curative,0.0,2026-06-12 16:15:45
185,01/05/2025,31/05/2025,2025,5,EOT,THT,Préventive,0.0,2026-06-12 16:15:45
186,01/05/2025,31/05/2025,2025,5,SG,BAT,Total,851.324,2026-06-12 16:15:45
187,01/05/2025,31/05/2025,2025,5,SG,BAT,Curative,851.324,2026-06-12 16:15:45
188,01/05/2025,31/05/2025,2025,5,SG,BAT,Préventive,0.0,2026-06-12 16:15:45
189,01/05/2025,31/05/2025,2025,5,SG,CMS,Total,0.0,2026-06-12 16:15:45
190,01/05/2025,31/05/2025,2025,5,SG,CMS,Curative,0.0,2026-06-12 16:15:45
191,01/05/2025,31/05/2025,2025,5,SG,MAG,Total,0.0,2026-06-12 16:15:45
192,01/05/2025,31/05/2025,2025,5,SG,MAG,Curative,0.0,2026-06-12 16:15:45
193,01/05/2025,31/05/2025,2025,5,SG,MAG,Préventive,0.0,2026-06-12 16:15:45
194,01/05/2025,31/05/2025,2025,5,SG,MEZ,Total,0.0,2026-06-12 16:15:45
195,01/05/2025,31/05/2025,2025,5,SG,MEZ,Préventive,0.0,2026-06-12 16:15:45
196,01/05/2025,31/05/2025,2025,5,SG,THT,Curative,1059.763,2026-06-12 16:15:45
197,01/05/2025,31/05/2025,2025,5,SG,THT,Préventive,0.0,2026-06-12 16:15:45
198,01/06/2025,30/06/2025,2025,6,EOT,BAT,Total,0.0,2026-06-12 16:15:45
199,01/06/2025,30/06/2025,2025,6,EOT,BAT,Préventive,0.0,2026-06-12 16:15:45
200,01/06/2025,30/06/2025,2025,6,EOT,CMS,Total,0.0,2026-06-12 16:15:45
201,01/06/2025,30/06/2025,2025,6,EOT,CMS,Curative,0.0,2026-06-12 16:15:45
202,01/06/2025,30/06/2025,2025,6,EOT,CMS,Préventive,0.0,2026-06-12 16:15:45
203,01/06/2025,30/06/2025,2025,6,EOT,MAG,Total,0.0,2026-06-12 16:15:45
204,01/06/2025,30/06/2025,2025,6,EOT,MAG,Préventive,0.0,2026-06-12 16:15:45
205,01/06/2025,30/06/2025,2025,6,EOT,MEZ,Total,0.0,2026-06-12 16:15:45
206,01/06/2025,30/06/2025,2025,6,EOT,MEZ,Préventive,0.0,2026-06-12 16:15:45
207,01/06/2025,30/06/2025,2025,6,EOT,SEP,Total,0.0,2026-06-12 16:15:45
208,01/06/2025,30/06/2025,2025,6,EOT,SEP,Curative,0.0,2026-06-12 16:15:45
209,01/06/2025,30/06/2025,2025,6,EOT,SEP,Préventive,0.0,2026-06-12 16:15:45
210,01/06/2025,30/06/2025,2025,6,EOT,THT,Total,0.0,2026-06-12 16:15:45
211,01/06/2025,30/06/2025,2025,6,EOT,THT,Préventive,0.0,2026-06-12 16:15:45
212,01/06/2025,30/06/2025,2025,6,SG,BAT,Curative,1564.672,2026-06-12 16:15:45
213,01/06/2025,30/06/2025,2025,6,SG,BAT,Préventive,1467.0,2026-06-12 16:15:45
214,01/06/2025,30/06/2025,2025,6,SG,CMS,Total,0.0,2026-06-12 16:15:45
215,01/06/2025,30/06/2025,2025,6,SG,CMS,Préventive,0.0,2026-06-12 16:15:45
216,01/06/2025,30/06/2025,2025,6,SG,MAG,Total,0.0,2026-06-12 16:15:45
217,01/06/2025,30/06/2025,2025,6,SG,MAG,Préventive,0.0,2026-06-12 16:15:45
218,01/06/2025,30/06/2025,2025,6,SG,MEZ,Total,0.0,2026-06-12 16:15:45
219,01/06/2025,30/06/2025,2025,6,SG,MEZ,Préventive,0.0,2026-06-12 16:15:45
220,01/06/2025,30/06/2025,2025,6,SG,THT,Curative,1830.63,2026-06-12 16:15:45
221,01/06/2025,30/06/2025,2025,6,SG,THT,Préventive,0.0,2026-06-12 16:15:45
222,01/07/2025,31/07/2025,2025,7,EOT,BAT,Total,0.0,2026-06-12 16:15:45
223,01/07/2025,31/07/2025,2025,7,EOT,BAT,Préventive,0.0,2026-06-12 16:15:45
224,01/07/2025,31/07/2025,2025,7,EOT,CMS,Total,0.0,2026-06-12 16:15:45
225,01/07/2025,31/07/2025,2025,7,EOT,CMS,Préventive,0.0,2026-06-12 16:15:45
226,01/07/2025,31/07/2025,2025,7,EOT,MAG,Total,0.0,2026-06-12 16:15:45
227,01/07/2025,31/07/2025,2025,7,EOT,MAG,Préventive,0.0,2026-06-12 16:15:45
228,01/07/2025,31/07/2025,2025,7,EOT,MEZ,Total,0.0,2026-06-12 16:15:45
229,01/07/2025,31/07/2025,2025,7,EOT,MEZ,Préventive,0.0,2026-06-12 16:15:45
230,01/07/2025,31/07/2025,2025,7,EOT,SEP,Total,127.707,2026-06-12 16:15:45
231,01/07/2025,31/07/2025,2025,7,EOT,SEP,Préventive,127.707,2026-06-12 16:15:45
232,01/07/2025,31/07/2025,2025,7,EOT,THT,Total,0.0,2026-06-12 16:15:45
233,01/07/2025,31/07/2025,2025,7,EOT,THT,Préventive,0.0,2026-06-12 16:15:45
234,01/07/2025,31/07/2025,2025,7,SG,BAT,Curative,4412.367,2026-06-12 16:15:45
235,01/07/2025,31/07/2025,2025,7,SG,BAT,Préventive,405.277,2026-06-12 16:15:45
236,01/07/2025,31/07/2025,2025,7,SG,CMS,Total,45.0,2026-06-12 16:15:45
237,01/07/2025,31/07/2025,2025,7,SG,CMS,Curative,45.0,2026-06-12 16:15:45
238,01/07/2025,31/07/2025,2025,7,SG,CMS,Préventive,0.0,2026-06-12 16:15:45
239,01/07/2025,31/07/2025,2025,7,SG,MAG,Total,0.0,2026-06-12 16:15:45
240,01/07/2025,31/07/2025,2025,7,SG,MAG,Curative,0.0,2026-06-12 16:15:45
241,01/07/2025,31/07/2025,2025,7,SG,MAG,Préventive,0.0,2026-06-12 16:15:45
242,01/07/2025,31/07/2025,2025,7,SG,MEZ,Total,0.0,2026-06-12 16:15:45
243,01/07/2025,31/07/2025,2025,7,SG,MEZ,Préventive,0.0,2026-06-12 16:15:45
244,01/07/2025,31/07/2025,2025,7,SG,THT,Curative,1953.59,2026-06-12 16:15:45
245,01/07/2025,31/07/2025,2025,7,SG,THT,Préventive,0.0,2026-06-12 16:15:45
246,01/08/2025,31/08/2025,2025,8,EOT,CMS,Total,0.0,2026-06-12 16:15:45
247,01/08/2025,31/08/2025,2025,8,EOT,CMS,Curative,0.0,2026-06-12 16:15:45
248,01/08/2025,31/08/2025,2025,8,EOT,CMS,Préventive,0.0,2026-06-12 16:15:45
249,01/08/2025,31/08/2025,2025,8,EOT,MAG,Total,0.0,2026-06-12 16:15:45
250,01/08/2025,31/08/2025,2025,8,EOT,MAG,Préventive,0.0,2026-06-12 16:15:45
251,01/08/2025,31/08/2025,2025,8,EOT,MEZ,Total,0.0,2026-06-12 16:15:45
252,01/08/2025,31/08/2025,2025,8,EOT,MEZ,Préventive,0.0,2026-06-12 16:15:45
253,01/08/2025,31/08/2025,2025,8,EOT,SEP,Total,0.0,2026-06-12 16:15:45
254,01/08/2025,31/08/2025,2025,8,EOT,SEP,Préventive,0.0,2026-06-12 16:15:45
255,01/08/2025,31/08/2025,2025,8,EOT,THT,Total,0.0,2026-06-12 16:15:45
256,01/08/2025,31/08/2025,2025,8,EOT,THT,Préventive,0.0,2026-06-12 16:15:45
257,01/08/2025,31/08/2025,2025,8,SG,BAT,Curative,1917.86,2026-06-12 16:15:45
258,01/08/2025,31/08/2025,2025,8,SG,BAT,Préventive,0.0,2026-06-12 16:15:45
259,01/08/2025,31/08/2025,2025,8,SG,CMS,Total,0.0,2026-06-12 16:15:45
260,01/08/2025,31/08/2025,2025,8,SG,CMS,Préventive,0.0,2026-06-12 16:15:45
261,01/08/2025,31/08/2025,2025,8,SG,MAG,Total,0.0,2026-06-12 16:15:45
262,01/08/2025,31/08/2025,2025,8,SG,MAG,Préventive,0.0,2026-06-12 16:15:45
263,01/08/2025,31/08/2025,2025,8,SG,THT,Total,0.0,2026-06-12 16:15:45
264,01/08/2025,31/08/2025,2025,8,SG,THT,Curative,0.0,2026-06-12 16:15:45
265,01/08/2025,31/08/2025,2025,8,SG,THT,Préventive,0.0,2026-06-12 16:15:45
266,01/09/2025,30/09/2025,2025,9,EOT,CMS,Total,35.868,2026-06-12 16:15:45
267,01/09/2025,30/09/2025,2025,9,EOT,CMS,Curative,35.868,2026-06-12 16:15:45
268,01/09/2025,30/09/2025,2025,9,EOT,CMS,Préventive,0.0,2026-06-12 16:15:45
269,01/09/2025,30/09/2025,2025,9,EOT,MAG,Total,0.0,2026-06-12 16:15:45
270,01/09/2025,30/09/2025,2025,9,EOT,MAG,Préventive,0.0,2026-06-12 16:15:45
271,01/09/2025,30/09/2025,2025,9,EOT,MEZ,Total,0.0,2026-06-12 16:15:45
272,01/09/2025,30/09/2025,2025,9,EOT,MEZ,Préventive,0.0,2026-06-12 16:15:45
273,01/09/2025,30/09/2025,2025,9,EOT,SEP,Total,0.0,2026-06-12 16:15:45
274,01/09/2025,30/09/2025,2025,9,EOT,SEP,Préventive,0.0,2026-06-12 16:15:45
275,01/09/2025,30/09/2025,2025,9,EOT,THT,Total,0.0,2026-06-12 16:15:45
276,01/09/2025,30/09/2025,2025,9,EOT,THT,Préventive,0.0,2026-06-12 16:15:45
277,01/09/2025,30/09/2025,2025,9,SG,BAT,Curative,3066.259,2026-06-12 16:15:45
278,01/09/2025,30/09/2025,2025,9,SG,BAT,Préventive,31.903,2026-06-12 16:15:45
279,01/09/2025,30/09/2025,2025,9,SG,CMS,Total,0.0,2026-06-12 16:15:45
280,01/09/2025,30/09/2025,2025,9,SG,CMS,Curative,0.0,2026-06-12 16:15:45
281,01/09/2025,30/09/2025,2025,9,SG,CMS,Préventive,0.0,2026-06-12 16:15:45
282,01/09/2025,30/09/2025,2025,9,SG,MAG,Total,772.0,2026-06-12 16:15:45
283,01/09/2025,30/09/2025,2025,9,SG,MAG,Curative,772.0,2026-06-12 16:15:45
284,01/09/2025,30/09/2025,2025,9,SG,MAG,Préventive,0.0,2026-06-12 16:15:45
285,01/09/2025,30/09/2025,2025,9,SG,MEZ,Total,0.0,2026-06-12 16:15:45
286,01/09/2025,30/09/2025,2025,9,SG,MEZ,Préventive,0.0,2026-06-12 16:15:45
287,01/09/2025,30/09/2025,2025,9,SG,THT,Curative,1411.322,2026-06-12 16:15:45
288,01/09/2025,30/09/2025,2025,9,SG,THT,Préventive,0.0,2026-06-12 16:15:45
289,01/09/2025,30/09/2025,2025,9,SG,UAP4,Total,0.0,2026-06-12 16:15:45
290,01/09/2025,30/09/2025,2025,9,SG,UAP4,Préventive,0.0,2026-06-12 16:15:45
291,01/10/2025,31/10/2025,2025,10,EOT,BAT,Total,0.0,2026-06-12 16:15:45
292,01/10/2025,31/10/2025,2025,10,EOT,BAT,Préventive,0.0,2026-06-12 16:15:45
293,01/10/2025,31/10/2025,2025,10,EOT,CMS,Total,0.0,2026-06-12 16:15:45
294,01/10/2025,31/10/2025,2025,10,EOT,CMS,Curative,0.0,2026-06-12 16:15:45
295,01/10/2025,31/10/2025,2025,10,EOT,CMS,Préventive,0.0,2026-06-12 16:15:45
296,01/10/2025,31/10/2025,2025,10,EOT,MAG,Total,0.0,2026-06-12 16:15:45
297,01/10/2025,31/10/2025,2025,10,EOT,MAG,Préventive,0.0,2026-06-12 16:15:45
298,01/10/2025,31/10/2025,2025,10,EOT,MEZ,Total,0.0,2026-06-12 16:15:45
299,01/10/2025,31/10/2025,2025,10,EOT,MEZ,Préventive,0.0,2026-06-12 16:15:45
300,01/10/2025,31/10/2025,2025,10,EOT,SEP,Total,0.0,2026-06-12 16:15:45
301,01/10/2025,31/10/2025,2025,10,EOT,SEP,Curative,0.0,2026-06-12 16:15:45
302,01/10/2025,31/10/2025,2025,10,EOT,SEP,Préventive,0.0,2026-06-12 16:15:45
303,01/10/2025,31/10/2025,2025,10,EOT,THT,Total,0.0,2026-06-12 16:15:45
304,01/10/2025,31/10/2025,2025,10,EOT,THT,Préventive,0.0,2026-06-12 16:15:45
305,01/10/2025,31/10/2025,2025,10,SG,BAT,Total,84.381,2026-06-12 16:15:45
306,01/10/2025,31/10/2025,2025,10,SG,BAT,Curative,84.381,2026-06-12 16:15:45
307,01/10/2025,31/10/2025,2025,10,SG,BAT,Préventive,0.0,2026-06-12 16:15:45
308,01/10/2025,31/10/2025,2025,10,SG,CMS,Total,0.0,2026-06-12 16:15:45
309,01/10/2025,31/10/2025,2025,10,SG,CMS,Curative,0.0,2026-06-12 16:15:45
310,01/10/2025,31/10/2025,2025,10,SG,CMS,Préventive,0.0,2026-06-12 16:15:45
311,01/10/2025,31/10/2025,2025,10,SG,MAG,Total,0.0,2026-06-12 16:15:45
312,01/10/2025,31/10/2025,2025,10,SG,MAG,Curative,0.0,2026-06-12 16:15:45
313,01/10/2025,31/10/2025,2025,10,SG,MAG,Préventive,0.0,2026-06-12 16:15:45
314,01/10/2025,31/10/2025,2025,10,SG,MEZ,Total,0.0,2026-06-12 16:15:45
315,01/10/2025,31/10/2025,2025,10,SG,MEZ,Préventive,0.0,2026-06-12 16:15:45
316,01/10/2025,31/10/2025,2025,10,SG,THT,Curative,4362.574,2026-06-12 16:15:45
317,01/10/2025,31/10/2025,2025,10,SG,THT,Préventive,0.0,2026-06-12 16:15:45
318,01/11/2025,30/11/2025,2025,11,EOT,CMS,Total,0.0,2026-06-12 16:15:45
319,01/11/2025,30/11/2025,2025,11,EOT,CMS,Préventive,0.0,2026-06-12 16:15:45
320,01/11/2025,30/11/2025,2025,11,EOT,MAG,Total,0.0,2026-06-12 16:15:45
321,01/11/2025,30/11/2025,2025,11,EOT,MAG,Préventive,0.0,2026-06-12 16:15:45
322,01/11/2025,30/11/2025,2025,11,EOT,MEZ,Total,0.0,2026-06-12 16:15:45
323,01/11/2025,30/11/2025,2025,11,EOT,MEZ,Préventive,0.0,2026-06-12 16:15:45
324,01/11/2025,30/11/2025,2025,11,EOT,SEP,Total,0.0,2026-06-12 16:15:45
325,01/11/2025,30/11/2025,2025,11,EOT,SEP,Préventive,0.0,2026-06-12 16:15:45
326,01/11/2025,30/11/2025,2025,11,EOT,THT,Total,0.0,2026-06-12 16:15:45
327,01/11/2025,30/11/2025,2025,11,EOT,THT,Préventive,0.0,2026-06-12 16:15:45
328,01/11/2025,30/11/2025,2025,11,SG,BAT,Curative,6070.244,2026-06-12 16:15:45
329,01/11/2025,30/11/2025,2025,11,SG,BAT,Préventive,0.0,2026-06-12 16:15:45
330,01/11/2025,30/11/2025,2025,11,SG,CMS,Total,0.0,2026-06-12 16:15:45
331,01/11/2025,30/11/2025,2025,11,SG,CMS,Curative,0.0,2026-06-12 16:15:45
332,01/11/2025,30/11/2025,2025,11,SG,CMS,Préventive,0.0,2026-06-12 16:15:45
333,01/11/2025,30/11/2025,2025,11,SG,MAG,Total,0.0,2026-06-12 16:15:45
334,01/11/2025,30/11/2025,2025,11,SG,MAG,Préventive,0.0,2026-06-12 16:15:45
335,01/11/2025,30/11/2025,2025,11,SG,THT,Total,480.241,2026-06-12 16:15:45
336,01/11/2025,30/11/2025,2025,11,SG,THT,Curative,480.241,2026-06-12 16:15:45
337,01/11/2025,30/11/2025,2025,11,SG,THT,Préventive,0.0,2026-06-12 16:15:45
338,01/12/2025,31/12/2025,2025,12,EOT,CMS,Total,0.0,2026-06-12 16:15:45
339,01/12/2025,31/12/2025,2025,12,EOT,CMS,Curative,0.0,2026-06-12 16:15:45
340,01/12/2025,31/12/2025,2025,12,EOT,CMS,Préventive,0.0,2026-06-12 16:15:45
341,01/12/2025,31/12/2025,2025,12,EOT,MAG,Total,0.0,2026-06-12 16:15:45
342,01/12/2025,31/12/2025,2025,12,EOT,MAG,Préventive,0.0,2026-06-12 16:15:45
343,01/12/2025,31/12/2025,2025,12,EOT,MEZ,Total,0.0,2026-06-12 16:15:45
344,01/12/2025,31/12/2025,2025,12,EOT,MEZ,Préventive,0.0,2026-06-12 16:15:45
345,01/12/2025,31/12/2025,2025,12,EOT,SEP,Total,0.0,2026-06-12 16:15:45
346,01/12/2025,31/12/2025,2025,12,EOT,SEP,Préventive,0.0,2026-06-12 16:15:45
347,01/12/2025,31/12/2025,2025,12,EOT,THT,Total,0.0,2026-06-12 16:15:45
348,01/12/2025,31/12/2025,2025,12,EOT,THT,Préventive,0.0,2026-06-12 16:15:45
349,01/12/2025,31/12/2025,2025,12,SG,BAT,Curative,5866.068,2026-06-12 16:15:45
350,01/12/2025,31/12/2025,2025,12,SG,BAT,Préventive,374.659,2026-06-12 16:15:45
351,01/12/2025,31/12/2025,2025,12,SG,MAG,Total,0.0,2026-06-12 16:15:45
352,01/12/2025,31/12/2025,2025,12,SG,MAG,Préventive,0.0,2026-06-12 16:15:45
353,01/12/2025,31/12/2025,2025,12,SG,THT,Curative,4719.285,2026-06-12 16:15:45
354,01/12/2025,31/12/2025,2025,12,SG,THT,Préventive,0.0,2026-06-12 16:15:45
