"id","date_releve","compteur","consommation_jour","cout_total","photo"
1,"2026-01-01","2753.00",NULL,NULL,NULL
2,"2026-01-05","2757.00","4.00","9.200",NULL
3,"2026-01-06","2760.00","3.00","6.900",NULL
4,"2026-01-07","2765.00","5.00","11.500",NULL
5,"2026-01-08","2774.00","9.00","20.700",NULL
6,"2026-01-09","2783.00","9.00","20.700",NULL
7,"2026-01-12","2790.00","7.00","16.100",NULL
8,"2026-01-13","2801.00","11.00","25.300",NULL
9,"2026-01-14","2814.00","13.00","29.900",NULL
10,"2026-01-15","2823.00","9.00","20.700",NULL
11,"2026-01-16","2832.00","9.00","20.700",NULL
12,"2026-01-19","2843.00","11.00","25.300",NULL
13,"2026-01-20","2853.00","10.00","23.000",NULL
14,"2026-01-21","2860.00","7.00","16.100",NULL
15,"2026-01-22","2867.00","7.00","16.100",NULL
16,"2026-01-23","2874.00","7.00","16.100",NULL
17,"2026-01-26","2886.00","12.00","27.600",NULL
18,"2026-01-27","2896.00","10.00","23.000",NULL
19,"2026-01-28","2907.00","11.00","25.300",NULL
20,"2026-01-29","2920.00","13.00","29.900",NULL
21,"2026-01-30","2931.00","11.00","25.300",NULL
22,"2026-02-02","2949.00","18.00","41.400",NULL
23,"2026-02-03","2963.00","14.00","32.200",NULL
24,"2026-02-04","2972.00","9.00","20.700",NULL
25,"2026-02-05","2980.00","8.00","18.400",NULL
26,"2026-02-06","2988.00","8.00","18.400",NULL
27,"2026-02-09","2998.00","10.00","23.000",NULL
28,"2026-02-10","3006.00","8.00","18.400",NULL
29,"2026-02-11","3014.00","8.00","18.400",NULL
30,"2026-02-12","3022.00","8.00","18.400",NULL
31,"2024-12-30","99829.00",NULL,NULL,NULL
32,"2024-12-31","99833.00","4.00","9.200",NULL
33,"2025-01-02","99836.00","3.00","6.900",NULL
34,"2025-01-03","99841.00","5.00","11.500",NULL
35,"2025-01-06","99842.00","1.00","2.300",NULL
36,"2025-01-07","99842.00","0.00","0.000",NULL
37,"2025-01-08","99858.00","16.00","36.800",NULL
38,"2025-01-09","99872.00","14.00","32.200",NULL
39,"2025-01-10","99884.00","12.00","27.600",NULL
40,"2025-01-13","99893.00","9.00","20.700",NULL
41,"2025-01-14","99906.00","13.00","29.900",NULL
42,"2025-01-15","99916.00","10.00","23.000",NULL
43,"2025-01-16","99926.00","10.00","23.000",NULL
44,"2025-01-17","99936.00","10.00","23.000",NULL
45,"2025-01-20","99945.00","9.00","20.700",NULL
46,"2025-01-21","99953.00","8.00","18.400",NULL
47,"2025-01-22","99962.00","9.00","20.700",NULL
48,"2025-01-23","99971.00","9.00","20.700",NULL
49,"2025-01-24","99980.00","9.00","20.700",NULL
50,"2025-01-25","99992.00","12.00","27.600",NULL
51,"2025-01-27","99996.00","4.00","9.200",NULL
52,"2025-01-28","100007.00","11.00","25.300",NULL
53,"2025-01-29","100018.00","11.00","25.300",NULL
54,"2025-01-30","100029.00","11.00","25.300",NULL
55,"2025-01-31","100039.00","10.00","23.000",NULL
56,"2025-02-03","100055.00","16.00","36.800",NULL
57,"2025-02-04","100065.00","10.00","23.000",NULL
58,"2025-02-05","100075.00","10.00","23.000",NULL
59,"2025-02-06","100085.00","10.00","23.000",NULL
60,"2025-02-07","100095.00","10.00","23.000",NULL
61,"2025-02-10","100111.00","16.00","36.800",NULL
62,"2025-02-11","100121.00","10.00","23.000",NULL
63,"2025-02-12","100131.00","10.00","23.000",NULL
64,"2025-02-13","100140.00","9.00","20.700",NULL
65,"2025-02-14","100150.00","10.00","23.000",NULL
66,"2025-02-17","100166.00","16.00","36.800",NULL
67,"2025-02-18","100176.00","10.00","23.000",NULL
68,"2025-02-19","100186.00","10.00","23.000",NULL
69,"2025-02-20","100197.00","11.00","25.300",NULL
70,"2025-02-21","100207.00","10.00","23.000",NULL
71,"2025-02-24","100224.00","17.00","39.100",NULL
72,"2025-02-25","100234.00","10.00","23.000",NULL
73,"2025-02-26","100244.00","10.00","23.000",NULL
74,"2025-02-27","100255.00","11.00","25.300",NULL
75,"2025-02-28","100265.00","10.00","23.000",NULL
76,"2025-03-03","100280.00","15.00","34.500",NULL
77,"2025-03-04","100287.00","7.00","16.100",NULL
78,"2025-03-05","100297.00","10.00","23.000",NULL
79,"2025-03-06","100306.00","9.00","20.700",NULL
80,"2025-03-07","100312.00","6.00","13.800",NULL
81,"2025-03-10","100326.00","14.00","32.200",NULL
82,"2025-03-11","100334.00","8.00","18.400",NULL
83,"2025-03-12","100342.00","8.00","18.400",NULL
84,"2025-03-13","100350.00","8.00","18.400",NULL
85,"2025-03-14","100358.00","8.00","18.400",NULL
86,"2025-03-15","100367.00","9.00","20.700",NULL
87,"2025-03-17","100372.00","5.00","11.500",NULL
88,"2025-03-18","100380.00","8.00","18.400",NULL
89,"2025-03-19","100388.00","8.00","18.400",NULL
90,"2025-03-20","100396.00","8.00","18.400",NULL
91,"2025-03-21","100407.00","11.00","25.300",NULL
92,"2025-03-22","100419.00","12.00","27.600",NULL
93,"2025-03-23","100425.00","6.00","13.800",NULL
94,"2025-03-24","100427.00","2.00","4.600",NULL
95,"2025-03-25","100435.00","8.00","18.400",NULL
96,"2025-03-26","100444.00","9.00","20.700",NULL
97,"2025-03-27","100453.00","9.00","20.700",NULL
98,"2025-04-02","100470.00","17.00","39.100",NULL
99,"2025-04-03","100481.00","11.00","25.300",NULL
100,"2025-04-04","100489.00","8.00","18.400",NULL
101,"2025-04-07","100504.00","15.00","34.500",NULL
102,"2025-04-08","100514.00","10.00","23.000",NULL
103,"2025-04-09","100524.00","10.00","23.000",NULL
104,"2025-04-10","100536.00","12.00","27.600",NULL
105,"2025-04-11","100547.00","11.00","25.300",NULL
106,"2025-04-14","100565.00","18.00","41.400",NULL
107,"2025-04-15","100575.00","10.00","23.000",NULL
108,"2025-04-16","100585.00","10.00","23.000",NULL
109,"2025-04-17","100598.00","13.00","29.900",NULL
110,"2025-04-18","100608.00","10.00","23.000",NULL
111,"2025-04-21","100628.00","20.00","46.000",NULL
112,"2025-04-22","100638.00","10.00","23.000",NULL
113,"2025-04-23","100648.00","10.00","23.000",NULL
114,"2025-04-24","100659.00","11.00","25.300",NULL
115,"2025-04-25","100669.00","10.00","23.000",NULL
116,"2025-04-28","100691.00","22.00","50.600",NULL
117,"2025-04-29","100701.00","10.00","23.000",NULL
118,"2025-04-30","100714.00","13.00","29.900",NULL
119,"2025-05-01","100724.00","10.00","23.000",NULL
120,"2025-05-02","100733.00","9.00","20.700",NULL
121,"2025-05-05","100758.00","25.00","57.500",NULL
122,"2025-05-06","100768.00","10.00","23.000",NULL
123,"2025-05-07","100783.00","15.00","34.500",NULL
124,"2025-05-08","100796.00","13.00","29.900",NULL
125,"2025-05-09","100807.00","11.00","25.300",NULL
126,"2025-05-12","100826.00","19.00","43.700",NULL
127,"2025-05-13","100836.00","10.00","23.000",NULL
128,"2025-05-14","100846.00","10.00","23.000",NULL
129,"2025-05-15","100859.00","13.00","29.900",NULL
130,"2025-05-16","100869.00","10.00","23.000",NULL
131,"2025-05-19","100890.00","21.00","48.300",NULL
132,"2025-05-20","100900.00","10.00","23.000",NULL
133,"2025-05-21","100912.00","12.00","27.600",NULL
134,"2025-05-22","100932.00","20.00","46.000",NULL
135,"2025-05-23","100943.00","11.00","25.300",NULL
136,"2025-05-26","100975.00","32.00","73.600",NULL
137,"2025-05-27","100987.00","12.00","27.600",NULL
138,"2025-05-28","100997.00","10.00","23.000",NULL
139,"2025-05-29","101007.00","10.00","23.000",NULL
140,"2025-05-30","101019.00","12.00","27.600",NULL
141,"2025-06-02","101042.00","23.00","52.900",NULL
142,"2025-06-03","101052.00","10.00","23.000",NULL
143,"2025-06-04","101063.00","11.00","25.300",NULL
144,"2025-06-09","101087.00","24.00","55.200",NULL
145,"2025-06-10","101098.00","11.00","25.300",NULL
146,"2025-06-11","101109.00","11.00","25.300",NULL
147,"2025-06-12","101120.00","11.00","25.300",NULL
148,"2025-06-13","101131.00","11.00","25.300",NULL
149,"2025-06-16","101159.00","28.00","64.400",NULL
150,"2025-06-17","101169.00","10.00","23.000",NULL
151,"2025-06-18","101180.00","11.00","25.300",NULL
152,"2025-06-19","101193.00","13.00","29.900",NULL
153,"2025-06-20","101204.00","11.00","25.300",NULL
154,"2025-06-23","101220.00","16.00","36.800",NULL
155,"2025-06-24","101231.00","11.00","25.300",NULL
156,"2025-06-25","101249.00","18.00","41.400",NULL
157,"2025-06-26","101264.00","15.00","34.500",NULL
158,"2025-06-27","101276.00","12.00","27.600",NULL
159,"2025-06-30","101291.00","15.00","34.500",NULL
160,"2025-07-01","10302.00","11.00","25.300",NULL
161,"2025-07-02","10313.00","11.00","25.300",NULL
162,"2025-07-03","10325.00","12.00","27.600",NULL
163,"2025-07-04","10336.00","11.00","25.300",NULL
164,"2025-07-07","10351.00","15.00","34.500",NULL
165,"2025-07-08","10363.00","12.00","27.600",NULL
166,"2025-07-09","10377.00","14.00","32.200",NULL
167,"2025-07-10","10389.00","12.00","27.600",NULL
168,"2025-07-11","10401.00","12.00","27.600",NULL
169,"2025-07-14","10421.00","20.00","46.000",NULL
170,"2025-07-15","10430.00","9.00","20.700",NULL
171,"2025-07-16","10439.00","9.00","20.700",NULL
172,"2025-07-17","10449.00","10.00","23.000",NULL
173,"2025-07-18","10461.00","12.00","27.600",NULL
174,"2025-07-21","10486.00","25.00","57.500",NULL
175,"2025-07-22","10498.00","12.00","27.600",NULL
176,"2025-07-23","10510.00","12.00","27.600",NULL
177,"2025-07-24","10522.00","12.00","27.600",NULL
178,"2025-07-25","10535.00","13.00","29.900",NULL
179,"2025-07-28","10542.00","7.00","16.100",NULL
180,"2025-07-29","10554.00","12.00","27.600",NULL
181,"2025-07-30","10566.00","12.00","27.600",NULL
182,"2025-07-31","10577.00","11.00","25.300",NULL
183,"2025-08-01","10589.00","12.00","27.600",NULL
184,"2025-08-11","10634.00","45.00","103.500",NULL
185,"2025-08-12","10646.00","12.00","27.600",NULL
186,"2025-08-13","10659.00","13.00","29.900",NULL
187,"2025-08-14","10672.00","13.00","29.900",NULL
188,"2025-08-15","10684.00","12.00","27.600",NULL
189,"2025-08-18","10706.00","22.00","50.600",NULL
190,"2025-08-19","10719.00","13.00","29.900",NULL
191,"2025-08-20","10731.00","12.00","27.600",NULL
192,"2025-08-21","10743.00","12.00","27.600",NULL
193,"2025-08-22","10753.00","10.00","23.000",NULL
194,"2025-08-25","10768.00","15.00","34.500",NULL
195,"2025-08-26","10778.00","10.00","23.000",NULL
196,"2025-08-27","10790.00","12.00","27.600",NULL
197,"2025-08-28","10800.00","10.00","23.000",NULL
198,"2025-08-29","10812.00","12.00","27.600",NULL
199,"2025-09-01","10826.00","14.00","32.200",NULL
200,"2025-09-02","10836.00","10.00","23.000",NULL
201,"2025-09-03","10846.00","10.00","23.000",NULL
202,"2025-09-04","10861.00","15.00","34.500",NULL
203,"2025-09-05","10871.00","10.00","23.000",NULL
204,"2025-09-08","10882.00","11.00","25.300",NULL
205,"2025-09-09","10892.00","10.00","23.000",NULL
206,"2025-09-10","10902.00","10.00","23.000",NULL
207,"2025-09-11","10912.00","10.00","23.000",NULL
208,"2025-09-12","10923.00","11.00","25.300",NULL
209,"2025-09-15","10936.00","13.00","29.900",NULL
210,"2025-09-16","10946.00","10.00","23.000",NULL
211,"2025-09-17","10956.00","10.00","23.000",NULL
212,"2025-09-18","10968.00","12.00","27.600",NULL
213,"2025-09-19","10980.00","12.00","27.600",NULL
214,"2025-09-22","11007.00","27.00","62.100",NULL
215,"2025-09-23","11018.00","11.00","25.300",NULL
216,"2025-09-24","11028.00","10.00","23.000",NULL
217,"2025-09-25","11038.00","10.00","23.000",NULL
218,"2025-09-26","11048.00","10.00","23.000",NULL
219,"2025-09-29","11065.00","17.00","39.100",NULL
220,"2025-09-30","11075.00","10.00","23.000",NULL
221,"2025-10-01","11084.00","9.00","20.700",NULL
222,"2025-10-02","11093.00","9.00","20.700",NULL
223,"2025-10-03","11103.00","10.00","23.000",NULL
224,"2025-10-06","11120.00","17.00","39.100",NULL
225,"2025-10-07","11130.00","10.00","23.000",NULL
226,"2025-10-08","11141.00","11.00","25.300",NULL
227,"2025-10-09","11151.00","10.00","23.000",NULL
228,"2025-10-10","11161.00","10.00","23.000",NULL
229,"2025-10-13","11176.00","15.00","34.500",NULL
230,"2025-10-14","11178.00","2.00","4.600",NULL
231,"2025-10-15","11178.00","0.00","0.000",NULL
232,"2025-10-16","11196.00","18.00","41.400",NULL
233,"2025-10-17","11212.00","16.00","36.800",NULL
234,"2025-10-20","11230.00","18.00","41.400",NULL
235,"2025-10-21","11240.00","10.00","23.000",NULL
236,"2025-10-22","11250.00","10.00","23.000",NULL
237,"2025-10-23","11259.00","9.00","20.700",NULL
238,"2025-10-24","11269.00","10.00","23.000",NULL
239,"2025-10-27","11320.00","51.00","117.300",NULL
240,"2025-10-28","11329.00","9.00","20.700",NULL
241,"2025-10-29","11337.00","8.00","18.400",NULL
242,"2025-10-30","11347.00","10.00","23.000",NULL
243,"2025-10-31","11356.00","9.00","20.700",NULL
244,"2025-11-03","2367.00","11.00","25.300",NULL
245,"2025-11-04","2375.00","8.00","18.400",NULL
246,"2025-11-05","2384.00","9.00","20.700",NULL
247,"2025-11-06","2394.00","10.00","23.000",NULL
248,"2025-11-07","2403.00","9.00","20.700",NULL
249,"2025-11-10","2416.00","13.00","29.900",NULL
250,"2025-11-11","2425.00","9.00","20.700",NULL
251,"2025-11-12","2435.00","10.00","23.000",NULL
252,"2025-11-13","2446.00","11.00","25.300",NULL
253,"2025-11-14","2455.00","9.00","20.700",NULL
254,"2025-11-17","2470.00","15.00","34.500",NULL
255,"2025-11-18","2478.00","8.00","18.400",NULL
256,"2025-11-19","2488.00","10.00","23.000",NULL
257,"2025-11-20","2496.00","8.00","18.400",NULL
258,"2025-11-21","2504.00","8.00","18.400",NULL
259,"2025-11-24","2517.00","13.00","29.900",NULL
260,"2025-11-25","2524.00","7.00","16.100",NULL
261,"2025-11-26","2533.00","9.00","20.700",NULL
262,"2025-11-27","2543.00","10.00","23.000",NULL
263,"2025-11-28","2553.00","10.00","23.000",NULL
264,"2025-12-01","2564.00","11.00","25.300",NULL
265,"2025-12-02","2571.00","7.00","16.100",NULL
266,"2025-12-03","2581.00","10.00","23.000",NULL
267,"2025-12-04","2590.00","9.00","20.700",NULL
268,"2025-12-05","2600.00","10.00","23.000",NULL
269,"2025-12-09","2614.00","14.00","32.200",NULL
270,"2025-12-10","2622.00","8.00","18.400",NULL
271,"2025-12-11","2632.00","10.00","23.000",NULL
272,"2025-12-12","2642.00","10.00","23.000",NULL
273,"2025-12-15","2652.00","10.00","23.000",NULL
274,"2025-12-16","2658.00","6.00","13.800",NULL
275,"2025-12-17","2667.00","9.00","20.700",NULL
276,"2025-12-18","2677.00","10.00","23.000",NULL
277,"2025-12-19","2687.00","10.00","23.000",NULL
278,"2025-12-22","2699.00","12.00","27.600",NULL
279,"2025-12-23","2709.00","10.00","23.000",NULL
280,"2025-12-24","2719.00","10.00","23.000",NULL
281,"2025-12-25","2727.00","8.00","18.400",NULL
282,"2025-12-26","2735.00","8.00","18.400",NULL
283,"2025-12-29","2747.00","12.00","27.600",NULL
284,"2025-12-30","2751.00","4.00","9.200",NULL
285,"2025-12-31","2753.00","2.00","4.600",NULL
