model,auc,threshold_f1,accuracy,precision,recall,f1,n_features,feature_importance,status,feature_set,n_train,n_test,target,generated_at
Logistic Regression,0.6674,0.427,0.545,0.3869,0.9432,0.5488,14,,ok,reduced,2398,600,curatifs mois suivant > mediane historique,2026-09-02T19:06:11.520676
Random Forest,0.6253,0.334,0.5167,0.3687,0.9091,0.5246,14,"{'nb_cura_lag1': np.float64(0.12869736695105233), 'nb_cura_roll3': np.float64(0.2403213431719033), 'duree_cura_lag1': np.float64(0.12991505356997185), 'duree_cura_roll3': np.float64(0.1858650339411372), 'nb_prev_lag1': np.float64(0.02853163497990801), 'nb_prev_roll3': np.float64(0.03363302997969963), 'mois_depuis_cura': np.float64(0.031008890478794796), 'mois_depuis_prev': np.float64(0.014227148318370707), 'ratio_cura_3m': np.float64(0.02743702097227936), 'mtbf_h_roll3': np.float64(0.0), 'disponibilite_pct_roll3': np.float64(0.0), 'nb_arrets_roll3': np.float64(0.0), 'annee': np.float64(0.0), 'mois_num': np.float64(0.18036347763688276)}",ok,reduced,2398,600,curatifs mois suivant > mediane historique,2026-09-02T19:06:11.520676
Gradient Boosting + Calibration,0.6006,0.153,0.5033,0.3581,0.875,0.5083,14,,ok,reduced,2398,600,curatifs mois suivant > mediane historique,2026-09-02T19:06:11.520676
Random Forest,0.7008,0.348,0.5817,0.4083,0.9489,0.5709,30,"{'nb_cura_lag1': np.float64(0.08238522203411151), 'nb_cura_lag2': np.float64(0.05965071306546534), 'nb_cura_lag3': np.float64(0.05131406693478942), 'nb_prev_lag1': np.float64(0.014196451101780324), 'nb_prev_lag2': np.float64(0.008424050268632152), 'nb_prev_lag3': np.float64(0.0070927580230035515), 'duree_cura_lag1': np.float64(0.06020054880030467), 'duree_cura_lag2': np.float64(0.056085458027954706), 'duree_cura_lag3': np.float64(0.053467167481548124), 'nb_cura_roll3': np.float64(0.134065327139794), 'nb_prev_roll3': np.float64(0.01288696409538337), 'duree_cura_roll3': np.float64(0.07353954173158192), 'mois_depuis_cura': np.float64(0.013767959600303806), 'mois_depuis_prev': np.float64(0.005156841508473124), 'ratio_cura_3m': np.float64(0.01078894746643344), 'nb_ot_total': np.float64(0.08330505607227373), 'nb_curatif': np.float64(0.07708560899957187), 'nb_preventif': np.float64(0.009140202080327653), 'duree_cura_h': np.float64(0.09493645308283219), 'duree_prev_h': np.float64(0.013696165061959916), 'annee': np.float64(0.0), 'mois_num': np.float64(0.07881449742347511), 'mtbf_h_lag1': np.float64(0.0), 'mtbf_h_roll3': np.float64(0.0), 'disponibilite_pct_lag1': np.float64(0.0), 'disponibilite_pct_roll3': np.float64(0.0), 'nb_arrets_lag1': np.float64(0.0), 'nb_arrets_roll3': np.float64(0.0), 't_arret_lag1': np.float64(0.0), 't_arret_roll3': np.float64(0.0)}",ok,original,2398,600,curatifs mois suivant > mediane historique,2026-09-02T19:06:11.520676
Logistic Regression,0.6478,0.417,0.5567,0.3929,0.9375,0.5537,29,,ok,original,2398,600,curatifs mois suivant > mediane historique,2026-09-02T19:06:11.520676
Gradient Boosting + Calibration,0.6232,0.152,0.5117,0.3667,0.9148,0.5236,30,,ok,original,2398,600,curatifs mois suivant > mediane historique,2026-09-02T19:06:11.520676
Random Forest,0.7006,0.357,0.5883,0.4106,0.9261,0.5689,22,"{'nb_cura_roll3': np.float64(0.13569830161775331), 'duree_cura_h': np.float64(0.09254761403781316), 'nb_ot_total': np.float64(0.08846786361604618), 'nb_curatif': np.float64(0.07481630726244984), 'mois_num': np.float64(0.08443871829908108), 'duree_cura_roll3': np.float64(0.07883078020451183), 'nb_cura_lag1': np.float64(0.07122606264305704), 'duree_cura_lag1': np.float64(0.057876543442769934), 'duree_cura_lag3': np.float64(0.05790924519884466), 'nb_cura_lag2': np.float64(0.05724240443597542), 'duree_cura_lag2': np.float64(0.055363157639273686), 'nb_cura_lag3': np.float64(0.05029949686547458), 'nb_prev_lag1': np.float64(0.014364980099113848), 'nb_prev_roll3': np.float64(0.011695237958799688), 'duree_prev_h': np.float64(0.014733522987156975), 'mois_depuis_cura': np.float64(0.013010301249665547), 'ratio_cura_3m': np.float64(0.012789382474789501), 'nb_preventif': np.float64(0.008931011707354131), 'nb_prev_lag2': np.float64(0.009672433478086419), 'nb_prev_lag3': np.float64(0.0053823277062064025), 'mois_depuis_prev': np.float64(0.004704307075776872), 'annee': np.float64(0.0)}",ok,importance,2398,600,curatifs mois suivant > mediane historique,2026-09-02T19:06:11.520676
Logistic Regression,0.6476,0.417,0.5567,0.3929,0.9375,0.5537,22,,ok,importance,2398,600,curatifs mois suivant > mediane historique,2026-09-02T19:06:11.520676
Gradient Boosting + Calibration,0.6339,0.143,0.5133,0.3682,0.9205,0.526,22,,ok,importance,2398,600,curatifs mois suivant > mediane historique,2026-09-02T19:06:11.520676
