code_equipement,libelle,annee_mois,proba_panne,risque,nb_cura_roll3,nb_prev_roll3,mois_depuis_cura,mois_depuis_prev
EOT010125,EOT010125,2026-04-01,0.7282138431291887,Élevé,14.0,0.0,1.0,0.0
EOT010057,EOT010057,2026-04-01,0.7245699890746613,Élevé,12.0,0.0,1.0,0.0
EOT010153,EOT010153,2026-04-01,0.7071807950940864,Élevé,10.0,0.0,1.0,0.0
EOT010021,EOT010021,2026-04-01,0.7048449177556119,Élevé,13.0,0.0,1.0,0.0
EOT010054,EOT010054,2026-04-01,0.6975043311087975,Élevé,11.0,0.0,1.0,0.0
EOT010038,EOT010038,2026-04-01,0.6965187398202066,Élevé,8.0,0.0,1.0,0.0
EOT010155,EOT010155,2026-04-01,0.6864305155663338,Élevé,8.0,0.0,1.0,0.0
EOT010077,EOT010077,2026-04-01,0.6779737598832212,Élevé,11.0,0.0,1.0,0.0
EOT010110,EOT010110,2026-04-01,0.6584336034395979,Élevé,11.0,0.0,1.0,0.0
EOT010075,EOT010075,2026-04-01,0.6509226630340007,Élevé,8.0,0.0,1.0,0.0
EOT010106,EOT010106,2026-04-01,0.646556623037808,Élevé,4.0,0.0,1.0,0.0
EOT010176,EOT010176,2026-04-01,0.6372147234268545,Élevé,7.0,0.0,1.0,0.0
EOT010131,EOT010131,2026-04-01,0.6188226312960424,Élevé,5.0,0.0,1.0,0.0
EOT010185,EOT010185,2026-03-01,0.6149513022841286,Élevé,3.0,0.0,1.0,0.0
EOT010055,EOT010055,2026-04-01,0.6067861691737267,Élevé,11.0,0.0,1.0,0.0
EOT010016,EOT010016,2026-04-01,0.6009846510301916,Élevé,11.0,0.0,1.0,0.0
EOT010162,EOT010162,2026-04-01,0.5896529710718835,Élevé,4.0,0.0,1.0,0.0
EOT010070,EOT010070,2026-04-01,0.5871820249915636,Élevé,8.0,0.0,1.0,0.0
EOT010024,EOT010024,2026-03-01,0.5836638961508536,Élevé,6.0,0.0,1.0,0.0
EOT010175,EOT010175,2026-04-01,0.5755788148726294,Élevé,6.0,0.0,1.0,0.0
EOT010111,EOT010111,2026-04-01,0.572446650348274,Élevé,4.0,0.0,1.0,0.0
EOT010123,EOT010123,2026-03-01,0.5720375913105997,Élevé,14.0,0.0,1.0,0.0
EOT010036,EOT010036,2026-04-01,0.5709254953332765,Élevé,9.0,0.0,1.0,0.0
GA-F-14,GA-F-14,2025-06-01,0.5694907842359471,Élevé,3.0,0.0,1.0,0.0
EOT010160,EOT010160,2026-04-01,0.5673340569207277,Élevé,9.0,0.0,1.0,0.0
EOT010072,EOT010072,2026-04-01,0.5658156970031097,Élevé,8.0,0.0,1.0,0.0
EOT010177,EOT010177,2026-04-01,0.5651180543661896,Élevé,5.0,0.0,1.0,0.0
VAL-F-43,VAL-F-43,2025-08-01,0.5619218229989807,Élevé,9.0,0.0,1.0,0.0
EOT010030,EOT010030,2026-03-01,0.5560474030910314,Élevé,13.0,0.0,1.0,0.0
EOT010035,EOT010035,2026-04-01,0.5548178761952375,Élevé,10.0,0.0,1.0,0.0
EOT010103,EOT010103,2026-04-01,0.5540256573583546,Élevé,8.0,0.0,1.0,0.0
EOT010052,EOT010052,2026-04-01,0.5529546658866146,Élevé,11.0,0.0,1.0,0.0
KT16F 031206,KT16F 031206,2026-03-01,0.5527617596898345,Élevé,4.0,0.0,1.0,0.0
INTEG-F-11,INTEG-F-11,2025-05-01,0.552670112584774,Élevé,2.0,0.0,1.0,0.0
EOT010102,EOT010102,2026-04-01,0.5516906716839549,Élevé,4.0,0.0,1.0,0.0
EOT010074,EOT010074,2026-04-01,0.5515258026558453,Élevé,8.0,0.0,1.0,0.0
EOT010034,EOT010034,2026-04-01,0.5464913115372432,Élevé,8.0,0.0,1.0,0.0
EOT010121,EOT010121,2026-03-01,0.5411101355748463,Élevé,13.0,0.0,1.0,0.0
VAL-F-44,VAL-F-44,2026-01-01,0.5403172136810362,Élevé,8.0,0.0,2.0,0.0
INF-CON-ESD,INF-CON-ESD,2026-04-01,0.5395521495660736,Élevé,3.0,0.0,1.0,8.0
EOT010161,EOT010161,2025-10-01,0.5356206007194572,Élevé,4.0,0.0,1.0,0.0
EOT010138,EOT010138,2026-03-01,0.5335267713130929,Élevé,11.0,0.0,1.0,0.0
VAL-F-29,VAL-F-29,2025-11-01,0.5296272046094912,Élevé,4.0,0.0,1.0,0.0
VAL-F-17,VAL-F-17,2025-07-01,0.5280420713080681,Élevé,4.0,0.0,1.0,0.0
EOT010135,EOT010135,2026-04-01,0.5275033645673625,Élevé,11.0,0.0,1.0,0.0
VAL-F-47,VAL-F-47,2026-03-01,0.5274077352631749,Élevé,9.0,0.0,1.0,0.0
EOT010059,EOT010059,2026-04-01,0.5271889117656823,Élevé,4.0,0.0,1.0,0.0
EOT010098,EOT010098,2026-04-01,0.525214645663918,Élevé,5.0,0.0,1.0,0.0
VAL-I-01,VAL-I-01,2026-01-01,0.5243677844845883,Élevé,4.0,0.0,2.0,0.0
EOT010050,EOT010050,2026-04-01,0.5239933543600483,Élevé,7.0,0.0,1.0,0.0
EOT010081,EOT010081,2026-04-01,0.5222687849255913,Élevé,6.0,0.0,1.0,0.0
GA-F-11,GA-F-11,2025-11-01,0.5201607272551221,Élevé,7.0,0.0,1.0,0.0
EOT010107,EOT010107,2026-04-01,0.5174123937582622,Élevé,7.0,0.0,1.0,0.0
EOT010133,EOT010133,2026-04-01,0.5166020758113958,Élevé,5.0,0.0,1.0,0.0
EOT010119,EOT010119,2026-04-01,0.5166020758113958,Élevé,5.0,0.0,1.0,0.0
EOT010099,EOT010099,2026-04-01,0.5158025502801291,Élevé,5.0,0.0,1.0,0.0
EOT010096,EOT010096,2026-04-01,0.5158025502801291,Élevé,5.0,0.0,1.0,0.0
EOT010019,EOT010019,2026-04-01,0.5118021493173631,Élevé,16.0,0.0,1.0,0.0
INF-BATIMENT,INF-BATIMENT,2026-04-01,0.5111981956151381,Élevé,8.0,1.0,1.0,3.0
EOT-I-09,EOT-I-09,2025-04-01,0.5095467618065538,Élevé,0.0,0.0,0.0,0.0
EOT010104,EOT010104,2026-04-01,0.507631239669275,Élevé,11.0,0.0,1.0,0.0
EOT010042,EOT010042,2026-04-01,0.5075589833067916,Élevé,9.0,0.0,1.0,0.0
EOT010174,EOT010174,2026-04-01,0.5072330493924246,Élevé,5.0,0.0,1.0,0.0
EOT010008,EOT010008,2026-04-01,0.5067034582599728,Élevé,5.0,0.0,1.0,0.0
EOT010044,EOT010044,2026-03-01,0.5064494438406281,Élevé,5.0,0.0,1.0,0.0
EOT010114,EOT010114,2026-04-01,0.5063733375137045,Élevé,12.0,0.0,1.0,0.0
EOT010118,EOT010118,2026-04-01,0.5063609714650581,Élevé,7.0,0.0,1.0,0.0
GA-F-12,GA-F-12,2025-07-01,0.5062170239040722,Élevé,5.0,0.0,1.0,0.0
EOT-I-07,EOT-I-07,2025-10-01,0.505968606489679,Élevé,5.0,0.0,2.0,0.0
EOT010065,EOT010065,2026-04-01,0.5030761884701451,Élevé,5.0,0.0,1.0,0.0
EOT010171,EOT010171,2026-04-01,0.5022084517107956,Élevé,5.0,0.0,1.0,0.0
EOT010150,EOT010150,2026-04-01,0.4996271370465266,Élevé,6.0,0.0,1.0,0.0
EOT010144,EOT010144,2026-04-01,0.49906319594991283,Élevé,6.0,0.0,1.0,0.0
INTEG-F-05,INTEG-F-05,2025-07-01,0.49839667582779285,Élevé,4.0,0.0,1.0,0.0
INF-ASP-01,INF-ASP-01,2026-03-01,0.4972586658608392,Élevé,4.0,0.0,1.0,0.0
EOT010082,EOT010082,2026-04-01,0.49721946845202114,Élevé,6.0,0.0,1.0,0.0
EOT010126,EOT010126,2026-04-01,0.4968538975696603,Élevé,8.0,0.0,1.0,0.0
EOT010086,EOT010086,2026-03-01,0.49640278750977873,Élevé,11.0,0.0,1.0,0.0
VAL-F-49,VAL-F-49,2026-04-01,0.4939733197730134,Élevé,5.0,0.0,2.0,0.0
EOT010066,EOT010066,2026-04-01,0.4922543846385441,Élevé,1.0,4.0,1.0,1.0
EOT010115,EOT010115,2026-04-01,0.49204087458990275,Élevé,6.0,0.0,1.0,0.0
EOT010022,EOT010022,2026-04-01,0.4920175556872774,Élevé,8.0,0.0,1.0,0.0
EOT010045,EOT010045,2026-04-01,0.4913804038877042,Élevé,7.0,0.0,1.0,0.0
EOT010137,EOT010137,2026-03-01,0.4911867685294829,Élevé,14.0,0.0,1.0,0.0
EOT010183,EOT010183,2026-02-01,0.48899943216119884,Élevé,7.0,0.0,1.0,0.0
EOT010148,EOT010148,2026-04-01,0.48781237833819036,Élevé,8.0,0.0,1.0,0.0
EOT010062,EOT010062,2026-04-01,0.4862517163010419,Élevé,7.0,0.0,1.0,0.0
EOT010084,EOT010084,2026-03-01,0.48615527050546525,Élevé,10.0,0.0,1.0,0.0
EOT010192,EOT010192,2026-04-01,0.48604644218494253,Élevé,7.0,0.0,1.0,0.0
EOT010122,EOT010122,2026-04-01,0.48531499876384937,Élevé,12.0,0.0,1.0,0.0
EOT010064,EOT010064,2026-04-01,0.48502752663242993,Élevé,5.0,0.0,1.0,0.0
EOT010017,EOT010017,2026-03-01,0.4843692478425147,Élevé,4.0,0.0,1.0,0.0
EOT010127,EOT010127,2026-04-01,0.4842118436716513,Élevé,11.0,0.0,1.0,0.0
EOT010006,EOT010006,2026-04-01,0.48420795912935916,Élevé,12.0,0.0,1.0,0.0
EOT010109,EOT010109,2026-04-01,0.48396950483261386,Modéré,6.0,0.0,1.0,0.0
EOT010143,EOT010143,2026-03-01,0.48185589817537355,Modéré,4.0,0.0,1.0,0.0
EOT010003,EOT010003,2026-04-01,0.481436109450848,Modéré,6.0,0.0,1.0,0.0
EOT010147,EOT010147,2026-04-01,0.48083983092172305,Modéré,7.0,0.0,1.0,0.0
EOT010149,EOT010149,2026-04-01,0.47999971693314114,Modéré,6.0,0.0,1.0,0.0
EOT010013,EOT010013,2026-04-01,0.4768762912777611,Modéré,8.0,0.0,1.0,0.0
INF-ELECTRICITÉ BATI,INF-ELECTRICITÉ BATI,2026-03-01,0.47524292125182066,Modéré,1.0,0.0,1.0,0.0
EOT010028,EOT010028,2026-04-01,0.4741600409888635,Modéré,8.0,0.0,1.0,0.0
EOT010105,EOT010105,2026-04-01,0.4723053723545545,Modéré,6.0,0.0,1.0,0.0
EOT010191,EOT010191,2026-04-01,0.4716763435633195,Modéré,9.0,0.0,1.0,0.0
EOT010178,EOT010178,2026-04-01,0.467545794121206,Modéré,8.0,0.0,1.0,0.0
EOT010172,EOT010172,2026-04-01,0.46623702535124373,Modéré,6.0,0.0,1.0,0.0
EOT010018,EOT010018,2026-04-01,0.46593857245971226,Modéré,6.0,0.0,1.0,0.0
EOT010090,EOT010090,2026-02-01,0.46540950394739267,Modéré,6.0,0.0,1.0,0.0
EOT010046,EOT010046,2026-04-01,0.4649407390222502,Modéré,6.0,0.0,1.0,0.0
EOT010132,EOT010132,2026-04-01,0.4649407390222502,Modéré,6.0,0.0,1.0,0.0
EOT010026,EOT010026,2026-04-01,0.4644805553053124,Modéré,8.0,0.0,1.0,0.0
EOT010047,EOT010047,2026-04-01,0.4640495708786493,Modéré,14.0,0.0,1.0,0.0
EOT010068,EOT010068,2026-04-01,0.46367383474209467,Modéré,6.0,0.0,1.0,0.0
EOT010032,EOT010032,2026-04-01,0.4623986480428897,Modéré,8.0,0.0,1.0,0.0
EOT010120,EOT010120,2026-04-01,0.46216815943250245,Modéré,7.0,0.0,1.0,0.0
EOT010031,EOT010031,2026-04-01,0.4621626765189418,Modéré,8.0,0.0,1.0,0.0
GA-F-07,GA-F-07,2025-04-01,0.46208020071937506,Modéré,0.0,0.0,0.0,0.0
EOT010180,EOT010180,2026-04-01,0.46035558626265727,Modéré,6.0,0.0,1.0,0.0
EOT010170,EOT010170,2026-04-01,0.45824066831958044,Modéré,6.0,0.0,1.0,0.0
EOT010027,EOT010027,2026-03-01,0.4527013332230267,Modéré,8.0,0.0,1.0,0.0
POSTE-01,POSTE-01,2026-04-01,0.4519342098265785,Modéré,25.0,24.0,2.0,1.0
EOT010043,EOT010043,2026-04-01,0.45166456563580687,Modéré,8.0,0.0,1.0,0.0
EOT010190,EOT010190,2026-04-01,0.44987203121990865,Modéré,7.0,0.0,1.0,0.0
VAL-F-48,VAL-F-48,2026-03-01,0.4494826549639596,Modéré,0.0,0.0,4.0,0.0
VAL-F-01,VAL-F-01,2025-07-01,0.4478429147513186,Modéré,14.0,0.0,1.0,0.0
EOT010112,EOT010112,2026-04-01,0.44726063858733583,Modéré,7.0,0.0,1.0,0.0
EOT010078,EOT010078,2026-04-01,0.4437618991625396,Modéré,6.0,0.0,1.0,0.0
EOT010071,EOT010071,2026-04-01,0.4437618991625396,Modéré,6.0,0.0,1.0,0.0
EOT010039,EOT010039,2026-03-01,0.44141106134865615,Modéré,6.0,0.0,1.0,0.0
EOT-I-05,EOT-I-05,2026-03-01,0.4409483191780212,Modéré,2.0,0.0,2.0,0.0
INTEG-F-01,INTEG-F-01,2025-07-01,0.440312631451004,Modéré,2.0,0.0,1.0,0.0
EOT010116,EOT010116,2026-04-01,0.43894472844508625,Modéré,7.0,0.0,1.0,0.0
EOT010025,EOT010025,2026-03-01,0.4387868776790874,Modéré,5.0,0.0,1.0,0.0
EOT010076,EOT010076,2026-04-01,0.4377706003170703,Modéré,6.0,0.0,1.0,0.0
ODP00000210-2,ODP00000210-2,2026-02-01,0.43741886741780506,Modéré,3.0,0.0,1.0,0.0
ODP00000208-3,ODP00000208-3,2026-02-01,0.43741886741780506,Modéré,3.0,0.0,1.0,0.0
VAL-F-46,VAL-F-46,2026-01-01,0.4360707359888065,Modéré,2.0,0.0,1.0,0.0
EOT010033,EOT010033,2026-04-01,0.4359820911460114,Modéré,9.0,0.0,1.0,0.0
EOT010020,EOT010020,2026-03-01,0.4356469108250975,Modéré,7.0,0.0,1.0,0.0
EOT010073,EOT010073,2026-04-01,0.4355901286910717,Modéré,6.0,0.0,1.0,0.0
ODP00000806,ODP00000806,2026-02-01,0.43529474534933504,Modéré,3.0,0.0,1.0,0.0
ODP00000865-2,ODP00000865-2,2026-02-01,0.43529474534933504,Modéré,3.0,0.0,1.0,0.0
ODP00000292,ODP00000292,2026-02-01,0.43529474534933504,Modéré,3.0,0.0,1.0,0.0
ODP00000873,ODP00000873,2026-02-01,0.43529474534933504,Modéré,3.0,0.0,1.0,0.0
ODP00000258,ODP00000258,2026-02-01,0.43529474534933504,Modéré,3.0,0.0,1.0,0.0
ODP00000921-4,ODP00000921-4,2026-02-01,0.43529474534933504,Modéré,3.0,0.0,1.0,0.0
ODP00000644,ODP00000644,2026-02-01,0.43529474534933504,Modéré,3.0,0.0,1.0,0.0
ODP00000369-3,ODP00000369-3,2026-02-01,0.43529474534933504,Modéré,3.0,0.0,1.0,0.0
ODP00000210,ODP00000210,2026-02-01,0.43529474534933504,Modéré,3.0,0.0,1.0,0.0
EOT010141,EOT010141,2026-04-01,0.4322035374260612,Modéré,1.0,4.0,2.0,1.0
EOT010061,EOT010061,2026-03-01,0.43206354215835696,Modéré,8.0,0.0,1.0,0.0
EOT010041,EOT010041,2026-04-01,0.430902637512192,Modéré,9.0,0.0,1.0,0.0
EOT010010,EOT010010,2026-04-01,0.43064396957781576,Modéré,7.0,0.0,1.0,0.0
KT12F 159944,KT12F 159944,2026-03-01,0.4293636228375783,Modéré,3.0,0.0,1.0,0.0
KT8FL943698,KT8FL943698,2026-03-01,0.4293636228375783,Modéré,3.0,0.0,1.0,0.0
KT8FL954543,KT8FL954543,2026-03-01,0.4293636228375783,Modéré,3.0,0.0,1.0,0.0
KT16F 085486,KT16F 085486,2026-03-01,0.4293636228375783,Modéré,3.0,0.0,1.0,0.0
EOT010188,EOT010188,2026-02-01,0.42903737725213986,Modéré,3.0,0.0,1.0,0.0
EOT010040,EOT010040,2026-03-01,0.42836948605710107,Modéré,6.0,0.0,1.0,0.0
EOT010051,EOT010051,2026-04-01,0.42738663084753903,Modéré,6.0,0.0,1.0,0.0
EOT010048,EOT010048,2026-04-01,0.42738663084753903,Modéré,6.0,0.0,1.0,0.0
EOT010037,EOT010037,2026-03-01,0.423935010907059,Modéré,7.0,0.0,1.0,0.0
EOT010182,EOT010182,2026-02-01,0.4215528604074613,Modéré,6.0,0.0,1.0,0.0
INF-BRACELET-ESD,INF-BRACELET-ESD,2025-09-01,0.4206920986159672,Modéré,0.0,0.0,0.0,0.0
EOT010069,EOT010069,2025-10-01,0.42045655343480065,Modéré,3.0,0.0,1.0,0.0
EOT04004,EOT04004,2026-04-01,0.42040013453715397,Modéré,12.0,6.0,1.0,1.0
EOT010173,EOT010173,2026-04-01,0.41661033801900194,Modéré,6.0,0.0,1.0,0.0
EOT010053,EOT010053,2026-04-01,0.4152198325089608,Modéré,6.0,0.0,1.0,0.0
VAL-F-13,VAL-F-13,2026-03-01,0.414520778167269,Modéré,5.0,0.0,2.0,0.0
EOT010124,EOT010124,2026-04-01,0.4124285832356343,Modéré,17.0,0.0,1.0,0.0
EOT020049,EOT020049,2026-04-01,0.4122144753849768,Modéré,1.0,0.0,2.0,0.0
EOT010058,EOT010058,2026-04-01,0.4116502931649984,Modéré,6.0,0.0,1.0,0.0
EOT010060,EOT010060,2026-04-01,0.4116502931649984,Modéré,6.0,0.0,1.0,0.0
VAL-F-19,VAL-F-19,2025-07-01,0.4102912898175173,Modéré,6.0,0.0,1.0,0.0
VAL-F-37,VAL-F-37,2025-10-01,0.40866381915429834,Modéré,12.0,0.0,1.0,0.0
EOT010080,EOT010080,2026-04-01,0.40698570950063057,Modéré,6.0,0.0,1.0,0.0
EOT020001,EOT020001,2026-04-01,0.406032443560372,Modéré,0.0,3.0,4.0,1.0
ELE-F-16,ELE-F-16,2026-02-01,0.4023041570294638,Modéré,0.0,0.0,0.0,0.0
EOT010083,EOT010083,2026-04-01,0.4019139713133868,Modéré,5.0,0.0,1.0,0.0
INF-AIR-COMP,INF-AIR-COMP,2026-04-01,0.39780043444187624,Modéré,0.0,1.0,5.0,3.0
VAL-F-39,VAL-F-39,2025-05-01,0.3950950397861284,Modéré,2.0,0.0,1.0,0.0
INF-CHAISE-ESD,INF-CHAISE-ESD,2026-04-01,0.3926199787782209,Modéré,1.0,0.0,3.0,0.0
EOT010136,EOT010136,2026-03-01,0.3921794953284807,Modéré,3.0,10.0,1.0,1.0
EOT010158,EOT010158,2026-04-01,0.39120096679388033,Modéré,7.0,0.0,1.0,0.0
EOT010023,EOT010023,2026-04-01,0.3906940833606333,Modéré,16.0,0.0,1.0,0.0
EOT010189,EOT010189,2026-04-01,0.3902339998439813,Modéré,7.0,0.0,1.0,0.0
VAL-F-50,VAL-F-50,2026-02-01,0.3898940718008431,Modéré,9.0,0.0,1.0,0.0
EOT-I-01,EOT-I-01,2025-12-01,0.3888015618208584,Modéré,5.0,0.0,1.0,0.0
VAL-F-18,VAL-F-18,2025-08-01,0.38811941669430294,Modéré,5.0,0.0,1.0,0.0
EOT010056,EOT010056,2026-04-01,0.3879624536327749,Modéré,7.0,0.0,1.0,0.0
EOT010159,EOT010159,2026-04-01,0.38637355791375855,Modéré,7.0,0.0,1.0,0.0
EOT010157,EOT010157,2026-04-01,0.38637355791375855,Modéré,7.0,0.0,1.0,0.0
EOT010014,EOT010014,2026-04-01,0.3848053149326319,Modéré,16.0,0.0,1.0,0.0
EOT010108,EOT010108,2026-04-01,0.38194500547635796,Modéré,3.0,0.0,1.0,0.0
EOT010001,EOT010001,2026-04-01,0.38081659800640727,Modéré,16.0,0.0,1.0,0.0
EOT010063,EOT010063,2026-04-01,0.38063592260353857,Modéré,7.0,0.0,1.0,0.0
BTUECME_443,BTUECME_443,2026-03-01,0.38010762279849414,Modéré,1.0,1.0,1.0,1.0
EOT010067,EOT010067,2026-04-01,0.3790306863795338,Modéré,7.0,0.0,1.0,0.0
VAL-F-03,VAL-F-03,2025-11-01,0.3769985569941213,Modéré,2.0,0.0,1.0,0.0
INF-VAGUE SELECTIVE,INF-VAGUE SELECTIVE,2026-03-01,0.3757913749103194,Modéré,2.0,0.0,1.0,0.0
EOT040025,EOT040025,2025-06-01,0.3747882955513208,Modéré,0.0,0.0,0.0,0.0
EOT010152,EOT010152,2026-04-01,0.37384581776395903,Modéré,6.0,0.0,1.0,0.0
GA-I-13,GA-I-13,2025-06-01,0.36974189501027444,Modéré,3.0,0.0,1.0,0.0
EOT010015,EOT010015,2026-03-01,0.369308340164099,Modéré,3.0,0.0,1.0,0.0
EOT010117,EOT010117,2026-04-01,0.3671205867235499,Modéré,17.0,0.0,1.0,0.0
EOT010129,EOT010129,2026-04-01,0.3658216454306267,Modéré,17.0,0.0,1.0,0.0
EOT010079,EOT010079,2026-04-01,0.36563922072485694,Modéré,7.0,0.0,1.0,0.0
INF-POR-08,INF-POR-08,2025-11-01,0.3630107936094729,Modéré,1.0,0.0,1.0,0.0
EOT-I-08,EOT-I-08,2025-09-01,0.36251475504738073,Modéré,1.0,0.0,2.0,0.0
EOT010140,EOT010140,2025-12-01,0.35821145900963347,Modéré,2.0,0.0,1.0,0.0
VAL-F-45,VAL-F-45,2026-02-01,0.3580117092556741,Modéré,3.0,0.0,2.0,0.0
ECL-01,ECL-01,2026-02-01,0.35435085843969155,Modéré,1.0,0.0,3.0,5.0
EOT010146,EOT010146,2026-04-01,0.3492180370989726,Modéré,0.0,5.0,10.0,1.0
EOT020005,EOT020005,2026-02-01,0.3482940569550327,Faible,0.0,3.0,0.0,1.0
INF-NET-PRESSE,INF-NET-PRESSE,2026-02-01,0.34822386169706815,Faible,0.0,2.0,4.0,1.0
INF-MAG-TR03,INF-MAG-TR03,2025-10-01,0.34763393805996917,Faible,1.0,0.0,1.0,0.0
INF-GAINE-CLIM,INF-GAINE-CLIM,2025-12-01,0.34699469745193484,Faible,0.0,0.0,4.0,0.0
ODP00000377-2,ODP00000377-2,2026-02-01,0.34249906482582587,Faible,3.0,0.0,1.0,0.0
ODP00000512-5,ODP00000512-5,2026-02-01,0.34249906482582587,Faible,3.0,0.0,1.0,0.0
ODP00000166-4,ODP00000166-4,2026-02-01,0.34249906482582587,Faible,3.0,0.0,1.0,0.0
ODP00000210-3,ODP00000210-3,2026-02-01,0.34249906482582587,Faible,3.0,0.0,1.0,0.0
EOT010145,EOT010145,2026-02-01,0.34249906482582587,Faible,3.0,0.0,1.0,0.0
EOT010151,EOT010151,2026-04-01,0.3417236123664759,Faible,6.0,0.0,1.0,0.0
GA-F-10,GA-F-10,2025-07-01,0.3416873468790926,Faible,0.0,0.0,0.0,0.0
ODP00000500,ODP00000500,2026-02-01,0.3411653623215562,Faible,3.0,0.0,1.0,0.0
ODP00000514-2,ODP00000514-2,2026-02-01,0.3411653623215562,Faible,3.0,0.0,1.0,0.0
ODP00000572-2,ODP00000572-2,2026-02-01,0.3411653623215562,Faible,3.0,0.0,1.0,0.0
ODP00000512-4,ODP00000512-4,2026-02-01,0.3411653623215562,Faible,3.0,0.0,1.0,0.0
ODP00000717,ODP00000717,2026-02-01,0.3411653623215562,Faible,3.0,0.0,1.0,0.0
ODP00000512-3,ODP00000512-3,2026-02-01,0.3411653623215562,Faible,3.0,0.0,1.0,0.0
EOT010097,EOT010097,2026-04-01,0.3402908083113995,Faible,0.0,3.0,4.0,1.0
EOT040003,EOT040003,2025-08-01,0.32940844106877165,Faible,0.0,0.0,0.0,0.0
INF-POR-09,INF-POR-09,2026-03-01,0.31947105389938424,Faible,2.0,0.0,2.0,0.0
BTUECME_498,BTUECME_498,2025-06-01,0.31502135461085784,Faible,1.0,0.0,1.0,0.0
ODP00000872,ODP00000872,2026-02-01,0.3073250871546821,Faible,3.0,0.0,1.0,0.0
ODP00000788,ODP00000788,2026-02-01,0.3073250871546821,Faible,3.0,0.0,1.0,0.0
ODP00000493-2,ODP00000493-2,2026-02-01,0.3073250871546821,Faible,3.0,0.0,1.0,0.0
ODP00000512-2,ODP00000512-2,2026-02-01,0.3073250871546821,Faible,3.0,0.0,1.0,0.0
PORTE-CF,PORTE-CF,2026-03-01,0.3060475059317024,Faible,3.0,0.0,1.0,0.0
EOT-F-23,EOT-F-23,2026-03-01,0.30544544854657657,Faible,1.0,0.0,1.0,0.0
ODP00001034,ODP00001034,2026-03-01,0.30258494031713057,Faible,3.0,0.0,1.0,0.0
ODP00001012,ODP00001012,2026-03-01,0.30258494031713057,Faible,3.0,0.0,1.0,0.0
ODP00000166-18,ODP00000166-18,2026-03-01,0.30258494031713057,Faible,3.0,0.0,1.0,0.0
KT8FL F42291,KT8FL F42291,2026-03-01,0.30089214446827106,Faible,2.0,0.0,1.0,0.0
KT16F 085641,KT16F 085641,2026-03-01,0.30089214446827106,Faible,2.0,0.0,1.0,0.0
KT8FL854550,KT8FL854550,2026-03-01,0.30089214446827106,Faible,2.0,0.0,1.0,0.0
KT12F102376,KT12F102376,2026-03-01,0.30089214446827106,Faible,2.0,0.0,1.0,0.0
KT8FL943757,KT8FL943757,2026-03-01,0.30089214446827106,Faible,2.0,0.0,1.0,0.0
EOT010186,EOT010186,2026-03-01,0.30089214446827106,Faible,2.0,0.0,1.0,0.0
KT8FL F27270,KT8FL F27270,2026-03-01,0.30089214446827106,Faible,2.0,0.0,1.0,0.0
KT12F102373,KT12F102373,2026-03-01,0.30089214446827106,Faible,2.0,0.0,1.0,0.0
BTUECME_454,BTUECME_454,2026-02-01,0.2984854515731395,Faible,0.0,2.0,0.0,1.0
BTUECME346,BTUECME346,2026-01-01,0.2954680854256523,Faible,0.0,1.0,0.0,1.0
VEN-F-01,VEN-F-01,2026-02-01,0.2946443462607588,Faible,3.0,0.0,1.0,0.0
EOT010169,EOT010169,2025-02-01,0.2939543464370016,Faible,0.0,1.0,0.0,1.0
ODP00000910-2,ODP00000910-2,2026-03-01,0.2933725525835262,Faible,3.0,0.0,1.0,0.0
EOT010181,EOT010181,2026-02-01,0.29281769649836004,Faible,1.0,5.0,1.0,1.0
ODP00000208-4,ODP00000208-4,2026-02-01,0.29021222232081867,Faible,3.0,0.0,1.0,0.0
VAL-F-40,VAL-F-40,2025-07-01,0.2900008134225332,Faible,6.0,0.0,1.0,0.0
BTUECME_372,BTUECME_372,2026-01-01,0.2874247428196323,Faible,0.0,1.0,0.0,1.0
BTUECME_530,BTUECME_530,2026-01-01,0.2874247428196323,Faible,0.0,1.0,0.0,1.0
BTUECME_410,BTUECME_410,2026-01-01,0.2874247428196323,Faible,0.0,1.0,0.0,1.0
BTUECME_406,BTUECME_406,2026-01-01,0.2874247428196323,Faible,0.0,1.0,0.0,1.0
BTUECME_412,BTUECME_412,2026-01-01,0.2874247428196323,Faible,0.0,1.0,0.0,1.0
BTUECME_433,BTUECME_433,2026-01-01,0.2874247428196323,Faible,0.0,1.0,0.0,1.0
BTUECME_466,BTUECME_466,2026-01-01,0.2874247428196323,Faible,0.0,1.0,0.0,1.0
BTUECME27,BTUECME27,2026-01-01,0.2874247428196323,Faible,0.0,1.0,0.0,1.0
BTUECME_451,BTUECME_451,2026-01-01,0.2874247428196323,Faible,0.0,1.0,0.0,1.0
BTUECME_453,BTUECME_453,2026-01-01,0.2874247428196323,Faible,0.0,1.0,0.0,1.0
BTUECME_378,BTUECME_378,2026-02-01,0.2874247428196323,Faible,0.0,1.0,0.0,1.0
BTUECME_458,BTUECME_458,2026-01-01,0.2874247428196323,Faible,0.0,1.0,0.0,1.0
BTUECME333,BTUECME333,2026-02-01,0.2874247428196323,Faible,0.0,1.0,0.0,1.0
BTUECME_528,BTUECME_528,2026-02-01,0.2874247428196323,Faible,0.0,1.0,0.0,1.0
BTUECME_471,BTUECME_471,2026-01-01,0.2874247428196323,Faible,0.0,1.0,0.0,1.0
BTUECME_367,BTUECME_367,2026-02-01,0.2874247428196323,Faible,0.0,1.0,0.0,1.0
BTUECME_479,BTUECME_479,2026-01-01,0.2874247428196323,Faible,0.0,1.0,0.0,1.0
BTUECME_400,BTUECME_400,2026-01-01,0.2874247428196323,Faible,0.0,1.0,0.0,1.0
BTUECME297,BTUECME297,2026-01-01,0.2874247428196323,Faible,0.0,1.0,0.0,1.0
BTUECME_404,BTUECME_404,2026-01-01,0.2874247428196323,Faible,0.0,1.0,0.0,1.0
BTUECME_420,BTUECME_420,2026-01-01,0.2874247428196323,Faible,0.0,1.0,0.0,1.0
BTUECME_455,BTUECME_455,2026-01-01,0.2874247428196323,Faible,0.0,1.0,0.0,1.0
BTUECME_397,BTUECME_397,2026-01-01,0.2874247428196323,Faible,0.0,1.0,0.0,1.0
BTUECME_371,BTUECME_371,2026-01-01,0.2874247428196323,Faible,0.0,1.0,0.0,1.0
BTUECME275,BTUECME275,2026-01-01,0.2874247428196323,Faible,0.0,1.0,0.0,1.0
BTUECME_467,BTUECME_467,2026-01-01,0.2874247428196323,Faible,0.0,1.0,0.0,1.0
BTUECME_422,BTUECME_422,2026-01-01,0.2874247428196323,Faible,0.0,1.0,0.0,1.0
BTUECME_421,BTUECME_421,2026-01-01,0.2874247428196323,Faible,0.0,1.0,0.0,1.0
BTUECME301,BTUECME301,2026-01-01,0.2874247428196323,Faible,0.0,1.0,0.0,1.0
BTUECME_403,BTUECME_403,2026-01-01,0.2874247428196323,Faible,0.0,1.0,0.0,1.0
BTUECME_409,BTUECME_409,2026-01-01,0.2874247428196323,Faible,0.0,1.0,0.0,1.0
BTUECME_369,BTUECME_369,2026-01-01,0.2874247428196323,Faible,0.0,1.0,0.0,1.0
BTUECME_456,BTUECME_456,2026-01-01,0.2874247428196323,Faible,0.0,1.0,0.0,1.0
BTUECME290,BTUECME290,2026-02-01,0.2874247428196323,Faible,0.0,1.0,0.0,1.0
BTUECME_423,BTUECME_423,2026-01-01,0.2874247428196323,Faible,0.0,1.0,0.0,1.0
BTUECME_465,BTUECME_465,2026-01-01,0.2874247428196323,Faible,0.0,1.0,0.0,1.0
BTUECME264,BTUECME264,2026-01-01,0.2874247428196323,Faible,0.0,1.0,0.0,1.0
BTUECME147,BTUECME147,2026-01-01,0.2874247428196323,Faible,0.0,1.0,0.0,1.0
BTUECME_402,BTUECME_402,2026-02-01,0.2874247428196323,Faible,0.0,1.0,0.0,1.0
BTUECME_463,BTUECME_463,2026-01-01,0.2874247428196323,Faible,0.0,1.0,0.0,1.0
BTUECME_457,BTUECME_457,2026-01-01,0.2874247428196323,Faible,0.0,1.0,0.0,1.0
BTUECME_405,BTUECME_405,2026-01-01,0.2874247428196323,Faible,0.0,1.0,0.0,1.0
BTUECME_469,BTUECME_469,2026-01-01,0.2874247428196323,Faible,0.0,1.0,0.0,1.0
BTUECME_529,BTUECME_529,2026-01-01,0.2874247428196323,Faible,0.0,1.0,0.0,1.0
BTUECME_380,BTUECME_380,2026-02-01,0.2874247428196323,Faible,0.0,1.0,0.0,1.0
BTUECME_434,BTUECME_434,2026-01-01,0.2874247428196323,Faible,0.0,1.0,0.0,1.0
BTUECME331,BTUECME331,2026-02-01,0.2874247428196323,Faible,0.0,1.0,0.0,1.0
BTUECME61,BTUECME61,2026-01-01,0.2874247428196323,Faible,0.0,1.0,0.0,1.0
BTUECME_474,BTUECME_474,2026-02-01,0.2874247428196323,Faible,0.0,1.0,0.0,1.0
BTUECME_373,BTUECME_373,2026-01-01,0.2874247428196323,Faible,0.0,1.0,0.0,1.0
BTUECME_480,BTUECME_480,2026-02-01,0.2874247428196323,Faible,0.0,1.0,0.0,1.0
BTUECME_398,BTUECME_398,2026-02-01,0.2874247428196323,Faible,0.0,1.0,0.0,1.0
BTUECME332,BTUECME332,2026-02-01,0.2874247428196323,Faible,0.0,1.0,0.0,1.0
BTUECME232,BTUECME232,2026-02-01,0.2874247428196323,Faible,0.0,1.0,0.0,1.0
BTUECME_464,BTUECME_464,2026-01-01,0.2874247428196323,Faible,0.0,1.0,0.0,1.0
BTUECME342,BTUECME342,2026-03-01,0.2809006421450291,Faible,0.0,1.0,0.0,1.0
BTUECME132,BTUECME132,2026-03-01,0.2809006421450291,Faible,0.0,1.0,0.0,1.0
BTUECME157,BTUECME157,2026-03-01,0.2809006421450291,Faible,0.0,1.0,0.0,1.0
BTUECME304,BTUECME304,2026-03-01,0.2809006421450291,Faible,0.0,1.0,0.0,1.0
BTUECME153,BTUECME153,2026-03-01,0.2809006421450291,Faible,0.0,1.0,0.0,1.0
BTUECME329,BTUECME329,2026-03-01,0.2809006421450291,Faible,0.0,1.0,0.0,1.0
BTUECME_533,BTUECME_533,2026-03-01,0.2809006421450291,Faible,0.0,1.0,0.0,1.0
BTUECME_492,BTUECME_492,2026-03-01,0.2809006421450291,Faible,0.0,1.0,0.0,1.0
BTUECME_256,BTUECME_256,2026-03-01,0.2809006421450291,Faible,0.0,1.0,0.0,1.0
BTUECME263,BTUECME263,2026-03-01,0.2809006421450291,Faible,0.0,1.0,0.0,1.0
BTUECME295,BTUECME295,2026-03-01,0.2809006421450291,Faible,0.0,1.0,0.0,1.0
BTUECME355,BTUECME355,2026-03-01,0.2809006421450291,Faible,0.0,1.0,0.0,1.0
BTUECME224,BTUECME224,2026-03-01,0.2809006421450291,Faible,0.0,1.0,0.0,1.0
BTUECME253,BTUECME253,2026-03-01,0.2809006421450291,Faible,0.0,1.0,0.0,1.0
BTUECME_441,BTUECME_441,2026-03-01,0.2809006421450291,Faible,0.0,1.0,0.0,1.0
BTUECME344,BTUECME344,2026-03-01,0.2809006421450291,Faible,0.0,1.0,0.0,1.0
BTUECME_534,BTUECME_534,2026-03-01,0.2809006421450291,Faible,0.0,1.0,0.0,1.0
BTUECME225,BTUECME225,2026-03-01,0.2809006421450291,Faible,0.0,1.0,0.0,1.0
BTUECME_383,BTUECME_383,2026-03-01,0.2809006421450291,Faible,0.0,1.0,0.0,1.0
BTUECME262,BTUECME262,2026-03-01,0.2809006421450291,Faible,0.0,1.0,0.0,1.0
BTUECME244,BTUECME244,2026-03-01,0.2809006421450291,Faible,0.0,1.0,0.0,1.0
BTUECME_362,BTUECME_362,2026-03-01,0.2809006421450291,Faible,0.0,1.0,0.0,1.0
BTUECME_366,BTUECME_366,2026-03-01,0.2809006421450291,Faible,0.0,1.0,0.0,1.0
BTUECME180,BTUECME180,2026-03-01,0.2809006421450291,Faible,0.0,1.0,0.0,1.0
BTUECME_460,BTUECME_460,2026-03-01,0.2809006421450291,Faible,0.0,1.0,0.0,1.0
BTUECME293,BTUECME293,2026-03-01,0.2809006421450291,Faible,0.0,1.0,0.0,1.0
BTUECME_491,BTUECME_491,2026-03-01,0.2809006421450291,Faible,0.0,1.0,0.0,1.0
BTUECME_442,BTUECME_442,2026-03-01,0.2809006421450291,Faible,0.0,1.0,0.0,1.0
BTUECME163,BTUECME163,2026-03-01,0.2809006421450291,Faible,0.0,1.0,0.0,1.0
BTUECME254,BTUECME254,2026-03-01,0.2809006421450291,Faible,0.0,1.0,0.0,1.0
BTUECME288,BTUECME288,2026-03-01,0.2809006421450291,Faible,0.0,1.0,0.0,1.0
BTUECME_535,BTUECME_535,2026-03-01,0.2809006421450291,Faible,0.0,1.0,0.0,1.0
BTUECME_461,BTUECME_461,2026-03-01,0.2809006421450291,Faible,0.0,1.0,0.0,1.0
BTUECME_363,BTUECME_363,2026-03-01,0.2809006421450291,Faible,0.0,1.0,0.0,1.0
BTUECME354,BTUECME354,2026-03-01,0.2809006421450291,Faible,0.0,1.0,0.0,1.0
BTUECME294,BTUECME294,2026-03-01,0.2809006421450291,Faible,0.0,1.0,0.0,1.0
BTUECME200,BTUECME200,2026-03-01,0.2809006421450291,Faible,0.0,1.0,0.0,1.0
BTUECME252,BTUECME252,2026-03-01,0.2809006421450291,Faible,0.0,1.0,0.0,1.0
BTUECME249,BTUECME249,2026-03-01,0.2809006421450291,Faible,0.0,1.0,0.0,1.0
BTUECME353,BTUECME353,2026-03-01,0.2809006421450291,Faible,0.0,1.0,0.0,1.0
BTUECME266,BTUECME266,2026-03-01,0.2809006421450291,Faible,0.0,1.0,0.0,1.0
BTUECME_532,BTUECME_532,2026-03-01,0.2809006421450291,Faible,0.0,1.0,0.0,1.0
ODP00000882,ODP00000882,2026-04-01,0.2797662823442776,Faible,0.0,3.0,5.0,1.0
EOT020038,EOT020038,2025-11-01,0.2791523546706569,Faible,2.0,0.0,2.0,0.0
INF-CHARIOT,INF-CHARIOT,2026-03-01,0.2790911575136709,Faible,1.0,0.0,3.0,0.0
EOT020009,EOT020009,2025-11-01,0.2789931208288283,Faible,1.0,0.0,1.0,0.0
KT8FL 954550,KT8FL 954550,2026-03-01,0.2785899816914209,Faible,3.0,0.0,1.0,0.0
EOT010128,EOT010128,2026-04-01,0.2778763188631145,Faible,1.0,12.0,3.0,1.0
INF-SANITAIRE-VEST,INF-SANITAIRE-VEST,2026-03-01,0.2777534368418409,Faible,1.0,1.0,2.0,2.0
EOT020043,EOT020043,2025-10-01,0.27740812971218054,Faible,1.0,2.0,2.0,1.0
INF-ROOFTOP-5,INF-ROOFTOP-5,2026-03-01,0.2769021876728088,Faible,0.0,4.0,0.0,1.0
EOT020003,EOT020003,2026-04-01,0.2753975903570129,Faible,1.0,2.0,3.0,1.0
EOT010101,EOT010101,2026-04-01,0.27500316700989225,Faible,0.0,3.0,0.0,1.0
ODP00000493-1,ODP00000493-1,2026-03-01,0.274252116910529,Faible,3.0,0.0,1.0,0.0
ODP00000496-4,ODP00000496-4,2026-03-01,0.274252116910529,Faible,3.0,0.0,1.0,0.0
ODP00000493-3,ODP00000493-3,2026-03-01,0.274252116910529,Faible,3.0,0.0,1.0,0.0
INF-LAMPE_LOUPE,INF-LAMPE_LOUPE,2026-04-01,0.27325867743741095,Faible,3.0,0.0,1.0,5.0
INF-MONTECHARGE,INF-MONTECHARGE,2025-12-01,0.27260924216004345,Faible,2.0,0.0,2.0,0.0
EOT010029,EOT010029,2026-02-01,0.2723900529697195,Faible,3.0,0.0,1.0,0.0
EOT010113,EOT010113,2026-04-01,0.2717069942373321,Faible,0.0,12.0,7.0,1.0
ODP00001078,ODP00001078,2026-03-01,0.26908461898908465,Faible,3.0,0.0,1.0,0.0
ODP00000678-2,ODP00000678-2,2026-03-01,0.26908461898908465,Faible,3.0,0.0,1.0,0.0
ODP00000679-2,ODP00000679-2,2026-03-01,0.26908461898908465,Faible,3.0,0.0,1.0,0.0
ODP00000982-2,ODP00000982-2,2026-03-01,0.26908461898908465,Faible,3.0,0.0,1.0,0.0
ODP00000715,ODP00000715,2026-03-01,0.26908461898908465,Faible,3.0,0.0,1.0,0.0
ODP00000621,ODP00000621,2026-03-01,0.26908461898908465,Faible,3.0,0.0,1.0,0.0
ODP00001240,ODP00001240,2026-02-01,0.2672201272021547,Faible,3.0,0.0,1.0,0.0
INF-SEC-01,INF-SEC-01,2026-03-01,0.26496112574898684,Faible,0.0,3.0,11.0,1.0
EOT020016,EOT020016,2026-02-01,0.2645310353901949,Faible,1.0,2.0,3.0,1.0
EOT010085,EOT010085,2026-03-01,0.26389842581974254,Faible,1.0,8.0,3.0,1.0
INF-GERB-01,INF-GERB-01,2026-04-01,0.2631086898242284,Faible,0.0,3.0,12.0,1.0
KT8FL943630,KT8FL943630,2026-03-01,0.26249046208270466,Faible,2.0,0.0,1.0,0.0
KT8FL954523,KT8FL954523,2026-03-01,0.26249046208270466,Faible,2.0,0.0,1.0,0.0
KT8FL943751,KT8FL943751,2026-03-01,0.26249046208270466,Faible,2.0,0.0,1.0,0.0
KT8FL F27201,KT8FL F27201,2026-03-01,0.26249046208270466,Faible,2.0,0.0,1.0,0.0
KT8FL943705,KT8FL943705,2026-03-01,0.26249046208270466,Faible,2.0,0.0,1.0,0.0
KT8FL954528,KT8FL954528,2026-03-01,0.26249046208270466,Faible,2.0,0.0,1.0,0.0
KT8FL954522,KT8FL954522,2026-03-01,0.26249046208270466,Faible,2.0,0.0,1.0,0.0
KT8FL943755,KT8FL943755,2026-03-01,0.26249046208270466,Faible,2.0,0.0,1.0,0.0
KT8FL943622,KT8FL943622,2026-03-01,0.26249046208270466,Faible,2.0,0.0,1.0,0.0
KT12F 159902,KT12F 159902,2026-03-01,0.26249046208270466,Faible,2.0,0.0,1.0,0.0
KT8FL F42334,KT8FL F42334,2026-03-01,0.26249046208270466,Faible,2.0,0.0,1.0,0.0
KT12F 159939,KT12F 159939,2026-03-01,0.26249046208270466,Faible,2.0,0.0,1.0,0.0
KT8FL F42366,KT8FL F42366,2026-03-01,0.26249046208270466,Faible,2.0,0.0,1.0,0.0
KT8FL954562,KT8FL954562,2026-03-01,0.26249046208270466,Faible,2.0,0.0,1.0,0.0
KT8FL943752,KT8FL943752,2026-03-01,0.26249046208270466,Faible,2.0,0.0,1.0,0.0
KT8FL943646,KT8FL943646,2026-03-01,0.26249046208270466,Faible,2.0,0.0,1.0,0.0
KT8FL943625,KT8FL943625,2026-03-01,0.26249046208270466,Faible,2.0,0.0,1.0,0.0
KT8FL943650,KT8FL943650,2026-03-01,0.26249046208270466,Faible,2.0,0.0,1.0,0.0
KT8FL943627,KT8FL943627,2026-03-01,0.26249046208270466,Faible,2.0,0.0,1.0,0.0
KT8FL954560,KT8FL954560,2026-03-01,0.26249046208270466,Faible,2.0,0.0,1.0,0.0
VAL-F-42,VAL-F-42,2025-06-01,0.2621410651520899,Faible,0.0,0.0,0.0,0.0
KT8FL943655,KT8FL943655,2026-02-01,0.2584148103721248,Faible,1.0,0.0,1.0,0.0
KT8FLB30536,KT8FLB30536,2026-02-01,0.2584148103721248,Faible,1.0,0.0,1.0,0.0
KT8FL F27202,KT8FL F27202,2026-02-01,0.2584148103721248,Faible,1.0,0.0,1.0,0.0
KT8FL943628,KT8FL943628,2026-02-01,0.2584148103721248,Faible,1.0,0.0,1.0,0.0
EOT020007,EOT020007,2026-01-01,0.25658974500430254,Faible,0.0,3.0,0.0,1.0
EOT010088,EOT010088,2026-04-01,0.25495910718917897,Faible,1.0,0.0,1.0,0.0
ODP00000871,ODP00000871,2026-03-01,0.25376522766766624,Faible,3.0,0.0,1.0,0.0
INF-GERB-02,INF-GERB-02,2026-04-01,0.2503431821127847,Faible,0.0,4.0,11.0,1.0
KT16F055134,KT16F055134,2026-03-01,0.25026834595481795,Faible,2.0,0.0,1.0,0.0
KT8FL F27274,KT8FL F27274,2026-03-01,0.25026834595481795,Faible,2.0,0.0,1.0,0.0
KT8FL F42333,KT8FL F42333,2026-03-01,0.25026834595481795,Faible,2.0,0.0,1.0,0.0
BTUECME_388,BTUECME_388,2026-03-01,0.2502548495181913,Faible,0.0,3.0,6.0,1.0
ODP00000377-3,ODP00000377-3,2026-02-01,0.24946121613666478,Faible,3.0,0.0,1.0,0.0
EOT020006,EOT020006,2026-03-01,0.24881324489864542,Faible,0.0,4.0,0.0,1.0
ODP00000166-14,ODP00000166-14,2026-03-01,0.24765950266532272,Faible,3.0,0.0,1.0,0.0
ODP00000382-2,ODP00000382-2,2026-03-01,0.24765950266532272,Faible,3.0,0.0,1.0,0.0
ODP00000256,ODP00000256,2026-03-01,0.24765950266532272,Faible,3.0,0.0,1.0,0.0
ODP00000432-2,ODP00000432-2,2026-03-01,0.24765950266532272,Faible,3.0,0.0,1.0,0.0
ODP00000902,ODP00000902,2026-03-01,0.24765950266532272,Faible,3.0,0.0,1.0,0.0
ODP00001013,ODP00001013,2026-03-01,0.24765950266532272,Faible,3.0,0.0,1.0,0.0
ODP00000166-6,ODP00000166-6,2026-03-01,0.24765950266532272,Faible,3.0,0.0,1.0,0.0
ODP00000381-2,ODP00000381-2,2026-03-01,0.24765950266532272,Faible,3.0,0.0,1.0,0.0
ODP00000166-9,ODP00000166-9,2026-03-01,0.24765950266532272,Faible,3.0,0.0,1.0,0.0
ODP00000786,ODP00000786,2026-03-01,0.24765950266532272,Faible,3.0,0.0,1.0,0.0
ODP00000785,ODP00000785,2026-03-01,0.24765950266532272,Faible,3.0,0.0,1.0,0.0
ODP00000717-2,ODP00000717-2,2026-03-01,0.24765950266532272,Faible,3.0,0.0,1.0,0.0
KT8FL F42292,KT8FL F42292,2026-02-01,0.2448501984074175,Faible,1.0,0.0,1.0,0.0
KT8FL943700,KT8FL943700,2026-02-01,0.2448501984074175,Faible,1.0,0.0,1.0,0.0
KT8FL954538,KT8FL954538,2026-02-01,0.2448501984074175,Faible,1.0,0.0,1.0,0.0
ODP00000496-3,ODP00000496-3,2026-03-01,0.24422736851368898,Faible,3.0,0.0,1.0,0.0
ODP00000495-4,ODP00000495-4,2026-03-01,0.24422736851368898,Faible,3.0,0.0,1.0,0.0
ODP00000572,ODP00000572,2026-03-01,0.24422736851368898,Faible,3.0,0.0,1.0,0.0
ODP00000679-1,ODP00000679-1,2026-03-01,0.24422736851368898,Faible,3.0,0.0,1.0,0.0
ODP00000583,ODP00000583,2026-03-01,0.24422736851368898,Faible,3.0,0.0,1.0,0.0
ODP00000166-16,ODP00000166-16,2026-03-01,0.24422736851368898,Faible,3.0,0.0,1.0,0.0
ODP00000382-3,ODP00000382-3,2026-03-01,0.24400106056012735,Faible,3.0,0.0,1.0,0.0
ODP00000499,ODP00000499,2026-03-01,0.24400106056012735,Faible,3.0,0.0,1.0,0.0
ODP00000241,ODP00000241,2026-03-01,0.24400106056012735,Faible,3.0,0.0,1.0,0.0
ODP00000865-3,ODP00000865-3,2026-03-01,0.24400106056012735,Faible,3.0,0.0,1.0,0.0
ODP00000980,ODP00000980,2026-03-01,0.24400106056012735,Faible,3.0,0.0,1.0,0.0
ODP00001141,ODP00001141,2026-03-01,0.24400106056012735,Faible,3.0,0.0,1.0,0.0
ODP00000518,ODP00000518,2026-03-01,0.24400106056012735,Faible,3.0,0.0,1.0,0.0
ODP00000517-3,ODP00000517-3,2026-03-01,0.24400106056012735,Faible,3.0,0.0,1.0,0.0
ODP00001089,ODP00001089,2026-03-01,0.24400106056012735,Faible,3.0,0.0,1.0,0.0
ODP00000240,ODP00000240,2026-03-01,0.24400106056012735,Faible,3.0,0.0,1.0,0.0
ODP00000513,ODP00000513,2026-03-01,0.24400106056012735,Faible,3.0,0.0,1.0,0.0
ODP00000518-3,ODP00000518-3,2026-03-01,0.24400106056012735,Faible,3.0,0.0,1.0,0.0
ODP00001106,ODP00001106,2026-03-01,0.24400106056012735,Faible,3.0,0.0,1.0,0.0
ODP00001242,ODP00001242,2026-02-01,0.24245134931566795,Faible,3.0,0.0,1.0,0.0
BTUECME310,BTUECME310,2026-02-01,0.24174621509653776,Faible,0.0,1.0,0.0,1.0
EOT010049,EOT010049,2026-03-01,0.24173003636335427,Faible,3.0,0.0,1.0,0.0
KT12F102541,KT12F102541,2026-03-01,0.2383070188863811,Faible,1.0,0.0,1.0,0.0
KT8FLB30537,KT8FLB30537,2026-03-01,0.2383070188863811,Faible,1.0,0.0,1.0,0.0
KT8FL943702,KT8FL943702,2026-03-01,0.2383070188863811,Faible,1.0,0.0,1.0,0.0
KT8FL943701,KT8FL943701,2026-03-01,0.2383070188863811,Faible,1.0,0.0,1.0,0.0
INF-POR-02,INF-POR-02,2026-04-01,0.2365872120193051,Faible,1.0,3.0,1.0,1.0
ODP00000496-2,ODP00000496-2,2026-02-01,0.23485688556284998,Faible,3.0,0.0,1.0,0.0
KT8FL943647,KT8FL943647,2026-02-01,0.2289792405011227,Faible,3.0,0.0,1.0,0.0
ODP00001290,ODP00001290,2026-03-01,0.22837524919636668,Faible,1.0,0.0,1.0,0.0
ODP00000560,ODP00000560,2026-03-01,0.22837524919636668,Faible,1.0,0.0,1.0,0.0
ODP00000866,ODP00000866,2026-03-01,0.22837524919636668,Faible,1.0,0.0,1.0,0.0
ODP00001226,ODP00001226,2026-03-01,0.22837524919636668,Faible,1.0,0.0,1.0,0.0
ODP00000546,ODP00000546,2026-03-01,0.22837524919636668,Faible,1.0,0.0,1.0,0.0
ODP00000514-4,ODP00000514-4,2025-11-01,0.2256576495174665,Faible,3.0,0.0,1.0,0.0
ODP00000232-1,ODP00000232-1,2025-11-01,0.2256576495174665,Faible,3.0,0.0,1.0,0.0
ODP00000859,ODP00000859,2025-11-01,0.2256576495174665,Faible,3.0,0.0,1.0,0.0
ODP00000865-4,ODP00000865-4,2025-11-01,0.2256576495174665,Faible,3.0,0.0,1.0,0.0
ODP00001048,ODP00001048,2025-12-01,0.22510872705323007,Faible,3.0,0.0,1.0,0.0
ODP00000928,ODP00000928,2025-12-01,0.22510872705323007,Faible,3.0,0.0,1.0,0.0
ODP00001155,ODP00001155,2025-12-01,0.22510872705323007,Faible,3.0,0.0,1.0,0.0
ODP00001080,ODP00001080,2025-12-01,0.22510872705323007,Faible,3.0,0.0,1.0,0.0
ODP00001205,ODP00001205,2025-12-01,0.22510872705323007,Faible,3.0,0.0,1.0,0.0
ODP00000582,ODP00000582,2025-12-01,0.22510872705323007,Faible,3.0,0.0,1.0,0.0
ODP00000166,ODP00000166,2025-12-01,0.22510872705323007,Faible,3.0,0.0,1.0,0.0
ODP00000910-3,ODP00000910-3,2026-03-01,0.22433113145850497,Faible,3.0,0.0,1.0,0.0
ODP00000677-1,ODP00000677-1,2026-03-01,0.22433113145850497,Faible,3.0,0.0,1.0,0.0
ODP00000780-1,ODP00000780-1,2026-03-01,0.22433113145850497,Faible,3.0,0.0,1.0,0.0
ODP00000658,ODP00000658,2026-03-01,0.22433113145850497,Faible,3.0,0.0,1.0,0.0
ODP00000923,ODP00000923,2026-03-01,0.22433113145850497,Faible,3.0,0.0,1.0,0.0
KT8FL943652,KT8FL943652,2026-03-01,0.2231587061950071,Faible,3.0,0.0,1.0,0.0
KT8FL943626,KT8FL943626,2026-03-01,0.2231587061950071,Faible,3.0,0.0,1.0,0.0
VAL-F-53,VAL-F-53,2026-03-01,0.22258394176693344,Faible,3.0,0.0,1.0,0.0
VAL-F-18-01,VAL-F-18-01,2025-06-01,0.22197827832782044,Faible,3.0,0.0,1.0,0.0
INF-FONTAINE,INF-FONTAINE,2026-01-01,0.22138508027843806,Faible,0.0,2.0,0.0,1.0
KT8FLB30538,KT8FLB30538,2026-03-01,0.21134089861823513,Faible,3.0,0.0,1.0,0.0
ODP00000381,ODP00000381,2026-03-01,0.21098785478715867,Faible,2.0,0.0,1.0,0.0
ODP00000502,ODP00000502,2026-03-01,0.21098785478715867,Faible,2.0,0.0,1.0,0.0
ODP00000495,ODP00000495,2026-03-01,0.21098785478715867,Faible,2.0,0.0,1.0,0.0
ODP00000459,ODP00000459,2026-03-01,0.21098785478715867,Faible,2.0,0.0,1.0,0.0
ODP00000444,ODP00000444,2026-03-01,0.21098785478715867,Faible,2.0,0.0,1.0,0.0
INF-RIA,INF-RIA,2026-04-01,0.20781634701280424,Faible,0.0,3.0,0.0,1.0
INF-NETTOYAGE-GRILLE,INF-NETTOYAGE-GRILLE,2026-04-01,0.20781634701280424,Faible,0.0,3.0,0.0,1.0
INF-POR-01,INF-POR-01,2026-04-01,0.20541994602497127,Faible,0.0,3.0,0.0,1.0
INF-POR-03,INF-POR-03,2026-04-01,0.20541994602497127,Faible,0.0,3.0,0.0,1.0
INF-POR-04,INF-POR-04,2026-04-01,0.20541994602497127,Faible,0.0,3.0,0.0,1.0
INF-CLIM-06,INF-CLIM-06,2026-01-01,0.2034765027681747,Faible,0.0,3.0,0.0,1.0
BTUECME121,BTUECME121,2026-02-01,0.2034765027681747,Faible,0.0,3.0,0.0,1.0
BTUECME314,BTUECME314,2026-02-01,0.2034765027681747,Faible,0.0,3.0,0.0,1.0
EOT010089,EOT010089,2026-04-01,0.20340472039995755,Faible,2.0,0.0,1.0,0.0
BTUECME255,BTUECME255,2026-03-01,0.20323480313356818,Faible,0.0,3.0,0.0,1.0
BTUECME137,BTUECME137,2026-03-01,0.20323480313356818,Faible,0.0,3.0,0.0,1.0
ODP00000729,ODP00000729,2026-03-01,0.20199016648399032,Faible,3.0,0.0,1.0,0.0
ODP00000517-2,ODP00000517-2,2026-03-01,0.20199016648399032,Faible,3.0,0.0,1.0,0.0
ODP00000349-2,ODP00000349-2,2026-03-01,0.20199016648399032,Faible,3.0,0.0,1.0,0.0
ODP00000910-5,ODP00000910-5,2026-03-01,0.20199016648399032,Faible,3.0,0.0,1.0,0.0
ODP00000166-17,ODP00000166-17,2026-03-01,0.20199016648399032,Faible,3.0,0.0,1.0,0.0
ODP00000495-2,ODP00000495-2,2026-03-01,0.20199016648399032,Faible,3.0,0.0,1.0,0.0
ODP00000929,ODP00000929,2026-03-01,0.20199016648399032,Faible,3.0,0.0,1.0,0.0
INF-COMP-SONEDE,INF-COMP-SONEDE,2026-04-01,0.20149092691524076,Faible,0.0,3.0,0.0,1.0
BTUECME168,BTUECME168,2026-03-01,0.19940298806523496,Faible,0.0,3.0,0.0,1.0
EOT020018,EOT020018,2026-03-01,0.19940298806523496,Faible,0.0,3.0,0.0,1.0
BTUECME_389,BTUECME_389,2026-03-01,0.19940298806523496,Faible,0.0,3.0,0.0,1.0
BTUECME166,BTUECME166,2026-03-01,0.19940298806523496,Faible,0.0,3.0,0.0,1.0
VAL-F-30,VAL-F-30,2025-12-01,0.19822348770032566,Faible,2.0,0.0,1.0,0.0
KT8FLB43536,KT8FLB43536,2026-02-01,0.19769913609141265,Faible,2.0,0.0,1.0,0.0
INF-NETTOYAGE-CANIV,INF-NETTOYAGE-CANIV,2026-04-01,0.19765911184690754,Faible,0.0,3.0,0.0,1.0
INF-NETTOYAGE_FILTRE,INF-NETTOYAGE_FILTRE,2026-04-01,0.19765911184690754,Faible,0.0,3.0,0.0,1.0
BTUECME345,BTUECME345,2026-04-01,0.19765911184690754,Faible,0.0,3.0,0.0,1.0
EOT020015,EOT020015,2026-04-01,0.19765911184690754,Faible,0.0,3.0,0.0,1.0
BTUECME67,BTUECME67,2026-04-01,0.19765911184690754,Faible,0.0,3.0,0.0,1.0
EOT020002,EOT020002,2026-04-01,0.19765911184690754,Faible,0.0,3.0,0.0,1.0
ODP00000382-1,ODP00000382-1,2026-03-01,0.19731245664726543,Faible,3.0,0.0,1.0,0.0
ODP00000761,ODP00000761,2026-03-01,0.19731245664726543,Faible,3.0,0.0,1.0,0.0
KT16F 085643,KT16F 085643,2026-02-01,0.19712113373101672,Faible,1.0,0.0,1.0,0.0
KT8FL F42207,KT8FL F42207,2026-02-01,0.19712113373101672,Faible,1.0,0.0,1.0,0.0
ODP00001166,ODP00001166,2026-03-01,0.19704181882441316,Faible,1.0,0.0,1.0,0.0
KT8FL F27365,KT8FL F27365,2026-02-01,0.19427108345343,Faible,2.0,0.0,1.0,0.0
ODP00000232-2,ODP00000232-2,2026-03-01,0.19046925888734598,Faible,3.0,0.0,1.0,0.0
ODP00000676-1,ODP00000676-1,2026-03-01,0.19009462233324656,Faible,3.0,0.0,1.0,0.0
ODP00000982-1,ODP00000982-1,2026-03-01,0.19009462233324656,Faible,3.0,0.0,1.0,0.0
ODP00000677-2,ODP00000677-2,2026-03-01,0.19009462233324656,Faible,3.0,0.0,1.0,0.0
ODP00000432-4,ODP00000432-4,2026-03-01,0.19009462233324656,Faible,3.0,0.0,1.0,0.0
ODP00000716-4,ODP00000716-4,2026-03-01,0.19009462233324656,Faible,3.0,0.0,1.0,0.0
ODP00000716-3,ODP00000716-3,2026-03-01,0.18914676482129086,Faible,3.0,0.0,1.0,0.0
ODP00000716-2,ODP00000716-2,2026-03-01,0.18914676482129086,Faible,3.0,0.0,1.0,0.0
ODP00000208-1,ODP00000208-1,2026-03-01,0.18914676482129086,Faible,3.0,0.0,1.0,0.0
INF-EXTINCTEUR,INF-EXTINCTEUR,2026-04-01,0.1863144466620244,Faible,0.0,4.0,0.0,1.0
KT44L025446,KT44L025446,2026-03-01,0.1841662710650065,Faible,2.0,0.0,1.0,0.0
ODP00000921-2,ODP00000921-2,2026-03-01,0.18306544863154467,Faible,3.0,0.0,1.0,0.0
ODP00000519,ODP00000519,2026-03-01,0.1829768275157295,Faible,2.0,0.0,1.0,0.0
ODP00000676-2,ODP00000676-2,2026-03-01,0.18229807593171493,Faible,3.0,0.0,1.0,0.0
ODP00000942,ODP00000942,2026-03-01,0.18048555758948578,Faible,3.0,0.0,1.0,0.0
ODP00000501,ODP00000501,2026-03-01,0.17671598914023337,Faible,2.0,0.0,1.0,0.0
ODP00000432,ODP00000432,2026-03-01,0.17671598914023337,Faible,2.0,0.0,1.0,0.0
ODP00000515,ODP00000515,2026-03-01,0.17671598914023337,Faible,2.0,0.0,1.0,0.0
ODP00000369-2,ODP00000369-2,2026-03-01,0.17671598914023337,Faible,2.0,0.0,1.0,0.0
ODP00000910-4,ODP00000910-4,2026-02-01,0.17636571574738213,Faible,3.0,0.0,1.0,0.0
ODP00000698,ODP00000698,2026-03-01,0.17181888769804737,Faible,3.0,0.0,1.0,0.0
ODP00000545,ODP00000545,2025-12-01,0.1704011470385563,Faible,3.0,0.0,1.0,0.0
OCC00000001,OCC00000001,2025-12-01,0.1704011470385563,Faible,3.0,0.0,1.0,0.0
ODP00004215,ODP00004215,2025-12-01,0.1704011470385563,Faible,3.0,0.0,1.0,0.0
ODP0000559,ODP0000559,2025-12-01,0.1704011470385563,Faible,3.0,0.0,1.0,0.0
ODP00000514,ODP00000514,2026-04-01,0.17007626946781218,Faible,3.0,0.0,1.0,0.0
ODP00000369,ODP00000369,2026-04-01,0.17007626946781218,Faible,3.0,0.0,1.0,0.0
ODP00001159,ODP00001159,2026-04-01,0.17007626946781218,Faible,3.0,0.0,1.0,0.0
ODP00000696,ODP00000696,2026-04-01,0.17007626946781218,Faible,3.0,0.0,1.0,0.0
ODP00000512,ODP00000512,2026-04-01,0.17007626946781218,Faible,3.0,0.0,1.0,0.0
ODP00000697,ODP00000697,2026-04-01,0.17007626946781218,Faible,3.0,0.0,1.0,0.0
ODP00000495-3,ODP00000495-3,2025-11-01,0.16967878055584681,Faible,3.0,0.0,1.0,0.0
ODP00001132,ODP00001132,2025-12-01,0.1685879095487346,Faible,0.0,3.0,0.0,1.0
ODP00000516,ODP00000516,2026-03-01,0.16836234142082723,Faible,1.0,0.0,1.0,0.0
KT8FL943648,KT8FL943648,2025-11-01,0.16822319951406026,Faible,1.0,0.0,1.0,0.0
ODP00000622,ODP00000622,2026-03-01,0.1673699447220024,Faible,1.0,0.0,1.0,0.0
ODP00000753,ODP00000753,2026-03-01,0.16636865835764272,Faible,3.0,0.0,1.0,0.0
ODP00000755,ODP00000755,2026-03-01,0.16636865835764272,Faible,3.0,0.0,1.0,0.0
INF-PRESSE-DECHET-2,INF-PRESSE-DECHET-2,2025-10-01,0.1662993168635905,Faible,0.0,1.0,0.0,1.0
VAL-I-02,VAL-I-02,2025-09-01,0.1637287572174583,Faible,1.0,0.0,1.0,0.0
KT8FL F42294,KT8FL F42294,2025-12-01,0.16366995844092025,Faible,1.0,0.0,1.0,0.0
KT8FL F27205,KT8FL F27205,2025-12-01,0.16366995844092025,Faible,1.0,0.0,1.0,0.0
KT8FL F27269,KT8FL F27269,2025-12-01,0.16366995844092025,Faible,1.0,0.0,1.0,0.0
KT8FL943753,KT8FL943753,2025-12-01,0.16366995844092025,Faible,1.0,0.0,1.0,0.0
KT8FL F42213,KT8FL F42213,2025-12-01,0.16366995844092025,Faible,1.0,0.0,1.0,0.0
KT8FL954534,KT8FL954534,2025-12-01,0.16366995844092025,Faible,1.0,0.0,1.0,0.0
ODP00000678-1,ODP00000678-1,2026-03-01,0.16182610254141605,Faible,3.0,0.0,1.0,0.0
ODP00000208-2,ODP00000208-2,2026-03-01,0.16182610254141605,Faible,3.0,0.0,1.0,0.0
ODP00000874,ODP00000874,2026-03-01,0.16182610254141605,Faible,3.0,0.0,1.0,0.0
ODP00000622-2,ODP00000622-2,2026-03-01,0.16182610254141605,Faible,3.0,0.0,1.0,0.0
ODP00000787,ODP00000787,2026-03-01,0.16164263509748905,Faible,3.0,0.0,1.0,0.0
ODP00000930,ODP00000930,2026-03-01,0.16164263509748905,Faible,3.0,0.0,1.0,0.0
ODP00000937,ODP00000937,2026-03-01,0.16164263509748905,Faible,3.0,0.0,1.0,0.0
KT8FL943649,KT8FL943649,2026-02-01,0.15881891467360876,Faible,2.0,0.0,1.0,0.0
ODP00000622-3,ODP00000622-3,2026-03-01,0.15586495868140457,Faible,3.0,0.0,1.0,0.0
EOT0100191,EOT0100191,2026-04-01,0.1539226821321767,Faible,1.0,2.0,2.0,2.0
ODP00000517,ODP00000517,2026-03-01,0.14572248127724732,Faible,2.0,0.0,1.0,0.0
ODP00000662,ODP00000662,2026-03-01,0.14572248127724732,Faible,2.0,0.0,1.0,0.0
EOT010156,EOT010156,2025-09-01,0.1448897446661539,Faible,1.0,0.0,1.0,0.0
EOT010154,EOT010154,2025-09-01,0.1448897446661539,Faible,1.0,0.0,1.0,0.0
KT8FL943653,KT8FL943653,2025-05-01,0.1415002285212936,Faible,1.0,0.0,1.0,0.0
ODP00000965,ODP00000965,2026-03-01,0.13552516124072672,Faible,3.0,0.0,1.0,0.0
ODP00000622-4,ODP00000622-4,2026-03-01,0.12917985858755635,Faible,3.0,0.0,1.0,0.0
BTUECME167,BTUECME167,2025-07-01,0.12350569842887126,Faible,0.0,2.0,0.0,1.0
KT8FLB30540,KT8FLB30540,2025-12-01,0.12012998848317431,Faible,1.0,0.0,1.0,0.0
ODP00000571,ODP00000571,2025-11-01,0.11794671978921263,Faible,3.0,0.0,1.0,0.0
ODP00000910-1,ODP00000910-1,2025-11-01,0.11794671978921263,Faible,3.0,0.0,1.0,0.0
ANF485388,ANF485388,2025-07-01,0.11357025405160126,Faible,1.0,0.0,1.0,0.0
KT16F 085648,KT16F 085648,2025-09-01,0.11121730917183163,Faible,1.0,0.0,1.0,0.0
KT8FL F27268,KT8FL F27268,2025-07-01,0.10964419142969707,Faible,1.0,0.0,1.0,0.0
KT8FL F27267,KT8FL F27267,2025-12-01,0.10889448938550358,Faible,2.0,0.0,1.0,0.0
KT8FL943651,KT8FL943651,2025-06-01,0.10274764461820009,Faible,1.0,0.0,1.0,0.0
KT12F 159744,KT12F 159744,2025-08-01,0.09854832866902553,Faible,2.0,0.0,1.0,0.0
ODP00000514-3,ODP00000514-3,2025-11-01,0.08890694447879531,Faible,3.0,0.0,1.0,0.0
ODP00000963,ODP00000963,2025-11-01,0.08890694447879531,Faible,3.0,0.0,1.0,0.0
OCC00000004-3,OCC00000004-3,2025-12-01,0.08806981766881877,Faible,3.0,0.0,1.0,0.0
ODP00000349-3,ODP00000349-3,2025-12-01,0.08806981766881877,Faible,3.0,0.0,1.0,0.0
ODP00000166-3,ODP00000166-3,2025-12-01,0.08806981766881877,Faible,3.0,0.0,1.0,0.0
ODP00000166-10,ODP00000166-10,2025-12-01,0.08806981766881877,Faible,3.0,0.0,1.0,0.0
ODP00000377,ODP00000377,2025-12-01,0.08806981766881877,Faible,3.0,0.0,1.0,0.0
OCC00000004,OCC00000004,2025-11-01,0.08335558382880252,Faible,3.0,0.0,1.0,0.0
ODP00000573,ODP00000573,2025-12-01,0.08092064264540805,Faible,3.0,0.0,1.0,0.0
ODP00000716-1,ODP00000716-1,2025-12-01,0.07620850197782668,Faible,3.0,0.0,1.0,0.0
ODP00000349,ODP00000349,2025-11-01,0.0759557976616604,Faible,3.0,0.0,1.0,0.0
ODP00000166-12,ODP00000166-12,2025-11-01,0.07366360408175099,Faible,3.0,0.0,1.0,0.0
ODP00000209-5,ODP00000209-5,2025-07-01,0.0663198318348366,Faible,3.0,0.0,1.0,0.0
ODP00000910-6,ODP00000910-6,2025-07-01,0.06520547858875754,Faible,3.0,0.0,1.0,0.0
ODP00000166-15,ODP00000166-15,2025-07-01,0.06520547858875754,Faible,3.0,0.0,1.0,0.0
ODP00000580,ODP00000580,2025-07-01,0.06520547858875754,Faible,3.0,0.0,1.0,0.0
ODP00000581,ODP00000581,2025-07-01,0.059030228002079355,Faible,3.0,0.0,1.0,0.0
ODP00000209-2,ODP00000209-2,2025-07-01,0.04767504185263071,Faible,3.0,0.0,1.0,0.0
ODP00000209-4,ODP00000209-4,2025-07-01,0.04767504185263071,Faible,3.0,0.0,1.0,0.0
